id,price,brand,name,ratingAverage,ratingCount,reviewCount,minPurchaseCount,recommendationRate,complaintRate,ratings
7599894,6052.64,Siguro,Siguro BF-J140Y Arctic,4.6,27,13,200,0.85,0.0,"[1, 0, 3, 2, 21]"
6153388,11539.45,BEKO,BEKO BCNA306E3SN,4.7,3,0,200,1.0,0.0149,"[0, 0, 0, 1, 2]"
6776815,18990.00,LG,LG GBP62PZNBC,4.8,38,21,500,0.95,0.0039,"[0, 1, 1, 4, 32]"
7665816,35927.20,HISENSE,HISENSE RQ760N4AFE,5.0,1,0,10,1.0,0.0,"[0, 0, 0, 0, 1]"
7599893,6096.49,Siguro,Siguro BF-J140S Arctic,4.6,27,13,200,0.85,0.002,"[1, 0, 3, 2, 21]"
7600117,5940.46,Siguro,SIGURO BF-J140W Arctic,4.6,27,13,200,0.85,0.0023,"[1, 0, 3, 2, 21]"
7575602,5079.41,Siguro,SIGURO TF-J140W Fresh,4.6,38,12,500,0.95,0.0012,"[1, 0, 1, 9, 27]"
7591213,10514.49,Siguro,SIGURO BF-O120W Ideal,4.9,14,6,100,1.0,0.0,"[0, 0, 0, 1, 13]"
7575601,5154.40,Siguro,SIGURO TF-J140S Fresh,4.6,38,12,500,0.95,0.0013,"[1, 0, 1, 9, 27]"
7709071,18790.00,LG,LG GBP62SWNBC,4.9,10,7,200,1.0,0.0041,"[0, 0, 0, 1, 9]"
5854413,7289.00,BEKO,BEKO CSA270K30XPN,4.4,15,4,1000,0.87,0.0117,"[0, 2, 0, 3, 10]"
7761173,17090.00,Samsung,SAMSUNG RB38C705CSR/EF ,4.8,4,2,50,1.0,0.0,"[0, 0, 0, 1, 3]"
5583501,44990.00,LG,LG GMX844MCKV,5.0,18,12,500,1.0,0.0031,"[0, 0, 0, 1, 17]"
7650380,8690.00,HOOVER,HOOVER HOCT3L517EB2,4.3,5,4,200,0.8,0.0,"[1, 0, 0, 0, 4]"
6418983,18999.00,WHIRLPOOL,WHIRLPOOL WHC18 T573,4.1,12,9,200,0.75,0.009,"[1, 0, 2, 3, 6]"
7734411,7499.00,CANDY,CANDY CCG1S 518EX,4.7,7,0,200,1.0,0.0,"[0, 0, 0, 2, 5]"
5884989,6789.00,BEKO,BEKO RCSA 240M30WN,4.7,8,1,500,0.88,0.0017,"[0, 0, 1, 1, 6]"
6928068,24990.00,GORENJE,GORENJE NRM918FUX,5.0,5,3,100,1.0,0.0152,"[0, 0, 0, 0, 5]"
6162157,4019.00,BEKO,BEKO TSE1423N,4.8,4,1,500,1.0,0.0019,"[0, 0, 0, 1, 3]"
6162158,7155.86,BEKO,BEKO RCSA300K30SN,4.7,55,16,1000,0.93,0.0071,"[0, 0, 4, 9, 42]"
6438323,6799.00,ETA,ETA 254390000F,5.0,1,0,50,1.0,0.0125,"[0, 0, 0, 0, 1]"
5853427,5069.91,GORENJE,GORENJE RB493PW,4.5,37,19,2000,0.95,0.0058,"[1, 1, 0, 11, 24]"
7761171,23990.00,Samsung,SAMSUNG RB38C776CS9/EF ,5.0,3,2,100,1.0,0.0088,"[0, 0, 0, 0, 3]"
6928140,18931.64,GORENJE,GORENJE ONRK619DC-L,5.0,4,3,100,1.0,0.012,"[0, 0, 0, 0, 4]"
7850422,12990.00,LG,LG GBB62PZFGN,4.9,7,1,100,1.0,0.0,"[0, 0, 0, 1, 6]"
6366396,20990.00,Samsung,SAMSUNG RS66A8100SL/EF,4.6,11,2,500,0.91,0.0094,"[1, 0, 0, 1, 9]"
7899028,14990.00,LG,LG GBB62SWGCC1,4.0,1,1,50,1.0,0.0,"[0, 0, 0, 1, 0]"
7752627,22190.00,HISENSE,HISENSE RS677N4ACC,5.0,4,2,20,1.0,0.0,"[0, 0, 0, 0, 4]"
7761168,13490.00,Samsung,SAMSUNG RB34C670DSA/EF ,4.0,1,0,50,1.0,0.0,"[0, 0, 0, 1, 0]"
7761166,14590.00,Samsung,SAMSUNG RB34C600CSA/EF ,4.7,3,0,100,1.0,0.0,"[0, 0, 0, 1, 2]"
7761152,26490.00,Samsung,SAMSUNG Bespoke RB38C7B6AS9/EF ,4.8,12,4,100,1.0,0.0,"[0, 0, 0, 2, 10]"
5548853,5990.00,AMICA,AMICA VJ 1432 AW,5.0,2,2,200,1.0,0.0329,"[0, 0, 0, 0, 2]"
7850421,12990.00,LG,LG GBB62SWFGN,4.8,4,1,50,1.0,0.0,"[0, 0, 0, 1, 3]"
7243707,14307.27,LG,LG GBP62DSNCN1,5.0,30,14,500,1.0,0.0052,"[0, 0, 0, 1, 29]"
6410992,10990.00,GORENJE,GORENJE NRK6202EXL4,4.6,31,12,500,0.9,0.0013,"[2, 1, 0, 3, 25]"
7439738,10985.44,GORENJE,GORENJE R619EES5,4.6,11,8,200,0.82,0.0,"[0, 1, 1, 0, 9]"
6153389,12678.28,BEKO,BEKO BCNA275E4SN,3.0,2,2,200,0.5,0.0327,"[1, 0, 0, 0, 1]"
5875978,8054.99,BEKO,BEKO BCSA285K3SN,3.0,2,0,500,0.5,0.0036,"[1, 0, 0, 0, 1]"
6581524,5989.00,ETA,ETA 253790020E,4.3,8,4,200,0.75,0.016,"[1, 0, 1, 0, 6]"
5589707,22590.00,GORENJE,GORENJE NRS9182VB,4.7,14,11,500,0.93,0.0157,"[1, 0, 0, 1, 12]"
6796422,17483.75,Bosch,BOSCH KGN392ICF,5.0,18,8,500,1.0,0.0149,"[0, 0, 0, 0, 18]"
7807972,4518.73,Siguro,SIGURO TT-E250W Chill &amp; Freeze,3.8,4,4,100,0.75,0.006,"[1, 0, 0, 1, 2]"
6287509,6945.15,BEKO,BEKO RCSA300K30WN,4.7,55,16,2000,0.93,0.0077,"[0, 0, 4, 9, 42]"
5799528,15820.31,Bosch,BOSCH KGE36AWCA,4.8,5,2,100,1.0,0.0063,"[0, 0, 0, 1, 4]"
7761162,24636.66,Samsung,SAMSUNG RB38C607AS9/EF ,4.8,23,10,500,0.96,0.0,"[1, 0, 0, 1, 21]"
7811154,19990.00,Bosch,BOSCH KGN39VICT,5.0,1,1,20,1.0,0.0,"[0, 0, 0, 0, 1]"
7807971,4619.38,Siguro,SIGURO TT-E250S Chill &amp; Freeze,3.8,4,4,200,0.75,0.0049,"[1, 0, 0, 1, 2]"
6366398,22990.00,Samsung,SAMSUNG RS67A8811S9/EF,5.0,6,5,200,1.0,0.0123,"[0, 0, 0, 0, 6]"
6156931,20990.00,Bosch,BOSCH KGE49AICA,5.0,18,13,500,1.0,0.0028,"[0, 0, 0, 1, 17]"
7761164,17990.00,Samsung,SAMSUNG RB38C605CWW/EF ,4.0,2,1,20,0.5,0.0,"[0, 0, 1, 0, 1]"
7761156,26490.00,Samsung,SAMSUNG Bespoke RB38C7B6AB1/EF ,4.8,12,4,100,1.0,0.0,"[0, 0, 0, 2, 10]"
7175998,13900.00,FAGOR,FAGOR 3FFK-6945X,5.0,4,1,50,1.0,0.0,"[0, 0, 0, 0, 4]"
7665813,9290.00,HISENSE,HISENSE RB390N4AC21,5.0,2,1,100,1.0,0.0,"[0, 0, 0, 0, 2]"
7722875,6589.00,ETA,ETA 253990000EN,4.0,2,0,100,0.5,0.016,"[0, 0, 1, 0, 1]"
7327760,13561.49,WHIRLPOOL,WHIRLPOOL W7X 93T OX H,4.9,8,3,100,1.0,0.0063,"[0, 0, 0, 1, 7]"
6744322,23153.52,AEG,AEG Mastery FlexiShelf SCE818D3FS,5.0,4,3,50,1.0,0.0093,"[0, 0, 0, 0, 4]"
7359967,25681.69,HAIER,HAIER HSR5918DIMP,5.0,1,1,10,1.0,0.0,"[0, 0, 0, 0, 1]"
5783353,34990.00,LG,LG GML844PZKZ,4.9,9,3,200,1.0,0.0228,"[0, 0, 0, 1, 8]"
6278981,4853.27,CANDY,CANDY CCTOS 544WHN,4.8,10,4,500,0.9,0.0,"[0, 0, 1, 0, 9]"
7236006,3499.95,Hyundai,HYUNDAI RSD086GW8AF,4.8,16,4,1000,1.0,0.0019,"[0, 0, 0, 4, 12]"
5589705,20890.00,GORENJE,GORENJE NRS9182VX,4.7,28,18,500,0.93,0.0169,"[1, 0, 1, 4, 22]"
5875736,5483.11,GUZZANTI,GUZZANTI GZ 85,4.9,11,2,500,1.0,0.0128,"[0, 0, 0, 1, 10]"
7177013,6590.00,CANDY,CANDY CDV1S514EWHE,4.4,7,1,200,1.0,0.0078,"[0, 0, 0, 4, 3]"
7764963,15990.00,Samsung,SAMSUNG RB38C605DWW/EF,5.0,2,0,100,1.0,0.0,"[0, 0, 0, 0, 2]"
7789600,22813.51,Bosch,BOSCH KGN49VXCT,5.0,1,0,10,1.0,0.0,"[0, 0, 0, 0, 1]"
6261313,22067.89,SIEMENS,SIEMENS KI81RADE0,4.5,4,3,100,0.75,0.0073,"[0, 0, 1, 0, 3]"
6283939,19990.00,HAIER,HAIER HSR3918ENPB,3.7,3,2,20,0.67,0.0411,"[1, 0, 0, 0, 2]"
7815437,27175.68,WHIRLPOOL,WHIRLPOOL WH SP70 T122,5.0,1,0,10,1.0,0.0,"[0, 0, 0, 0, 1]"
6223479,10290.00,WHIRLPOOL,WHIRLPOOL W5 921E OX 2,4.5,28,9,1000,0.93,0.0045,"[1, 0, 1, 8, 18]"
5854414,6790.00,BEKO,BEKO CSA270M31WN,4.8,16,4,1000,0.94,0.0047,"[0, 0, 1, 2, 13]"
7290440,8999.00,CANDY,CANDY CCE3T618EW,5.0,1,0,50,1.0,0.0202,"[0, 0, 0, 0, 1]"
6240949,6836.58,BEKO,BEKO BU1153HCN,5.0,1,0,200,1.0,0.0019,"[0, 0, 0, 0, 1]"
7752624,13490.00,HISENSE,HISENSE RB390N4BCC,4.5,2,1,50,1.0,0.013,"[0, 0, 0, 1, 1]"
7951208,12333.14,LG,LG GBV3200DEP,4.2,5,1,100,0.6,0.0,"[0, 0, 2, 0, 3]"
7772656,25126.99,Bosch,BOSCH KIN86ADD0,5.0,1,1,20,1.0,0.0,"[0, 0, 0, 0, 1]"
6366406,24045.45,Samsung,SAMSUNG RF50A5002S9/EO,5.0,2,1,20,1.0,0.0,"[0, 0, 0, 0, 2]"
6283937,25390.00,HAIER,HAIER HB20FPAAA,5.0,3,3,20,1.0,0.0,"[0, 0, 0, 0, 3]"
6885593,2641.24,Siguro,SIGURO MB-A160W Bulk,4.7,19,7,1000,0.95,0.0,"[1, 0, 0, 3, 15]"
7781241,4913.23,Siguro,SIGURO TF-J140Y Fresh,4.6,38,12,200,0.95,0.0,"[1, 0, 1, 9, 27]"
6278983,4441.12,CANDY,CANDY CCTOS 542XHN,4.5,4,3,500,1.0,0.0044,"[0, 0, 0, 2, 2]"
6549594,6528.43,CANDY,CANDY CFM 14504SN,4.5,28,16,1000,0.93,0.0007,"[1, 1, 0, 8, 18]"
7665814,23990.00,HISENSE,HISENSE RT641N4WIE1,5.0,1,1,20,1.0,0.0,"[0, 0, 0, 0, 1]"
1571779,3623.81,GUZZANTI,GUZZANTI GZ 28,4.6,14,6,500,0.93,0.0049,"[0, 0, 1, 4, 9]"
7176162,33648.10,Samsung,SAMSUNG RS68A884CB1/EF,4.8,13,4,200,0.92,0.0032,"[0, 0, 1, 1, 11]"
6448535,13453.34,SNAIGE,SNAIGE CD35DM-S302SD,3.3,3,2,200,0.33,0.0049,"[0, 1, 1, 0, 1]"
6549593,6551.77,CANDY,CANDY CHCS 4144WN,4.4,18,9,1000,0.89,0.0009,"[1, 0, 1, 6, 10]"
7734409,6849.33,CANDY,CANDY CCG1S 518EW,4.8,12,6,200,1.0,0.0025,"[0, 0, 0, 2, 10]"
6153383,10694.09,BEKO,BEKO RCNA406I40XBN,4.5,6,2,100,0.83,0.0,"[0, 0, 1, 1, 4]"
6153379,5439.00,BEKO,BEKO RDSA180K30WN,4.4,5,3,500,0.8,0.0028,"[0, 1, 0, 0, 4]"
6153373,3832.66,BEKO,BEKO TS190330N,3.9,11,6,500,0.73,0.0018,"[2, 0, 1, 3, 5]"
6273681,5589.00,GODDESS,GODDESS RDD0144GW8AF ,4.4,9,6,500,0.89,0.0068,"[0, 1, 0, 3, 5]"
7742310,8499.00,HOOVER,HOOVER HOCT3L517ES2,4.3,3,0,100,1.0,0.0066,"[0, 0, 0, 2, 1]"
6994312,25990.00,Bosch,BOSCH KGN39AIBT,4.8,5,4,100,1.0,0.0,"[0, 0, 0, 1, 4]"
7761172,20224.28,Samsung,SAMSUNG RB38T607BB1/EF ,4.7,14,5,500,0.93,0.0046,"[0, 0, 1, 3, 10]"
7802090,3888.89,CANDY,CANDY CHASD4385EB,5.0,3,1,100,1.0,0.0,"[0, 0, 0, 0, 3]"
7146830,6172.55,HISENSE,HISENSE RB224D4BWE,4.6,7,5,200,0.86,0.0,"[0, 0, 1, 1, 5]"
6310891,2886.67,Hyundai,HYUNDAI RSC050WW8F,4.0,1,0,200,1.0,0.0044,"[0, 0, 0, 1, 0]"
7137699,14353.27,Bosch,BOSCH KGN36VLED,4.8,4,0,50,1.0,0.0,"[0, 0, 0, 1, 3]"
7127103,17022.46,Bosch,BOSCH KGN36VICT,4.9,15,9,200,0.93,0.0119,"[0, 0, 1, 0, 14]"
6310890,2880.16,PHILCO,PHILCO PSL 40 F CUBE,4.7,7,4,500,0.86,0.0011,"[0, 0, 1, 0, 6]"
6448531,28990.00,Samsung,SAMSUNG BRB26705DWW/EF,4.0,4,0,200,0.75,0.0083,"[1, 0, 0, 0, 3]"
5322724,12401.63,AMICA,AMICA KGCR 387100 B,4.7,17,5,500,0.94,0.012,"[0, 1, 0, 3, 13]"
5853428,7296.08,GORENJE,GORENJE R4142PW,4.7,13,7,1000,0.92,0.0087,"[0, 1, 0, 2, 10]"
6633414,50937.21,LG,LG GML945PZ8F,5.0,2,1,20,1.0,0.0,"[0, 0, 0, 0, 2]"
7230581,13089.26,GORENJE,GORENJE NRK62CA2XL4 AdaptTech,4.3,12,4,200,0.83,0.0115,"[2, 0, 0, 1, 9]"
7625828,17350.88,BEKO,BEKO Beyond BCNE400E40SN,5.0,1,0,10,1.0,0.0,"[0, 0, 0, 0, 1]"
6438480,3835.05,Hyundai,HYUNDAI RSD064WW8F ,5.0,3,1,500,1.0,0.0019,"[0, 0, 0, 0, 3]"
7761155,28848.72,Samsung,SAMSUNG RS68CG883DS9/EF ,4.5,2,1,20,1.0,0.0,"[0, 0, 0, 1, 1]"
4563948,15166.61,SNAIGE,SNAIGE CD40DM-S3002E,4.5,4,1,500,1.0,0.0114,"[0, 0, 0, 2, 2]"
6318114,13490.00,LIEBHERR,LIEBHERR CUel 231,4.0,1,0,50,1.0,0.0,"[0, 0, 0, 1, 0]"
6731074,47685.23,LG,LG GSXV91MBAE ,5.0,2,1,20,1.0,0.0189,"[0, 0, 0, 0, 2]"
6448532,23990.00,Samsung,SAMSUNG BRB26705EWW/EF,5.0,3,2,200,1.0,0.004,"[0, 0, 0, 0, 3]"
6398147,14089.18,GORENJE,GORENJE NRC620CSXL4,4.7,67,40,1000,0.93,0.0113,"[3, 0, 2, 10, 52]"
7439740,8377.73,GORENJE,GORENJE R615EEW5,4.4,5,3,100,0.8,0.0051,"[0, 1, 0, 0, 4]"
7433505,9387.79,GORENJE,GORENJE RKI418FE0,5.0,1,0,100,1.0,0.0083,"[0, 0, 0, 0, 1]"
6410995,11040.25,SNAIGE,SNAIGE CD29DM-S302SE,4.7,3,1,500,1.0,0.0092,"[0, 0, 0, 1, 2]"
5853424,11690.00,GORENJE,GORENJE N6A2XL4,3.7,10,3,200,0.6,0.0032,"[1, 2, 1, 1, 5]"
6340860,3499.01,Concept,CONCEPT LR2047bc RETRO,4.8,6,4,200,1.0,0.0108,"[0, 0, 0, 1, 5]"
6524083,16990.00,GORENJE,GORENJE NRC6194SXL5M,4.6,31,15,500,0.87,0.0182,"[2, 1, 1, 0, 27]"
7761161,22990.00,Samsung,SAMSUNG RB38T607BS9/EF ,4.7,14,5,20,0.93,0.029,"[0, 0, 1, 3, 10]"
5260421,9169.00,AMICA,AMICA VC 1802 AFX,4.5,15,1,200,0.93,0.0194,"[1, 0, 0, 4, 10]"
6744331,17490.00,ELECTROLUX,ELECTROLUX No Frost ENT6TF18S,5.0,2,1,100,1.0,0.0,"[0, 0, 0, 0, 2]"
7399575,9680.37,Samsung,SAMSUNG RB33B610ESA/EF,4.9,8,3,200,1.0,0.0048,"[0, 0, 0, 1, 7]"
4590287,9868.46,AMICA,AMICA VD 1442 AM,4.6,22,12,500,0.95,0.0071,"[0, 0, 1, 7, 14]"
7325787,9696.94,LG,LG GBB61SWJMN,4.8,10,5,100,0.9,0.0,"[0, 0, 1, 0, 9]"
6731075,40638.53,LG,LG GSJV91MCAE ,5.0,1,1,20,1.0,0.0,"[0, 0, 0, 0, 1]"
7459995,12772.37,GORENJE,GORENJE NRC61CSXL4 ,4.9,25,12,500,1.0,0.0049,"[0, 0, 0, 4, 21]"
7439739,10638.61,GORENJE,GORENJE R619FEW5,4.5,4,1,200,1.0,0.0,"[0, 0, 0, 2, 2]"
7802091,3761.26,CANDY,CANDY COHS 38FS,5.0,3,2,200,1.0,0.0,"[0, 0, 0, 0, 3]"
6398149,12390.00,GORENJE,GORENJE NRK6192ABK4,4.4,21,10,100,0.86,0.0045,"[3, 0, 0, 2, 16]"
6150814,9126.63,GORENJE,GORENJE N619EAXL4,4.7,41,15,1000,0.95,0.0008,"[0, 0, 2, 9, 30]"
7760111,44990.00,Bosch,BOSCH KFN96AXEA,4.0,1,0,0,1.0,0.0,"[0, 0, 0, 1, 0]"
7774593,17454.30,GORENJE,GORENJE NRC69BSXL5,4.8,9,6,100,1.0,0.0073,"[0, 0, 0, 2, 7]"
7665812,13090.00,HISENSE,HISENSE RB470N4EIC,5.0,5,1,50,1.0,0.0,"[0, 0, 0, 0, 5]"
7399574,9630.57,Samsung,SAMSUNG RB33B610EWW/EF,4.7,11,4,200,0.91,0.0076,"[1, 0, 0, 0, 10]"
6796423,18829.34,Bosch,BOSCH KGN397ICT,4.5,12,6,100,0.92,0.0021,"[1, 0, 0, 2, 9]"
5799533,16415.08,Bosch,BOSCH KGE39AWCA,4.6,20,10,200,0.9,0.0062,"[2, 0, 0, 1, 17]"
6703363,18182.68,ELECTROLUX,ELECTROLUX LRB3DE18S,5.0,2,1,100,1.0,0.0,"[0, 0, 0, 0, 2]"
5853430,8475.06,GORENJE,GORENJE RK6192EW4,4.7,13,7,500,0.92,0.0057,"[0, 0, 1, 2, 10]"
6278982,4569.04,CANDY,CANDY CCTLS 544WHN,4.0,5,3,500,0.6,0.001,"[0, 1, 1, 0, 3]"
6283941,18989.90,HAIER,HAIER HSR3918ENPG,5.0,1,1,20,1.0,0.0,"[0, 0, 0, 0, 1]"
6153387,6936.74,BEKO,BEKO RSSA290M31WN,3.1,7,3,500,0.29,0.0097,"[1, 0, 4, 1, 1]"
7951211,12350.14,LG,LG GBV3200DSW,3.3,3,3,50,0.67,0.0123,"[1, 0, 0, 1, 1]"
6292406,7169.00,ELECTROLUX,ELECTROLUX LXB1SE11W0,4.3,4,2,200,0.75,0.0038,"[0, 0, 1, 1, 2]"
7761167,14990.00,Samsung,SAMSUNG RB34C670DWW/EF ,4.0,1,0,20,1.0,0.0,"[0, 0, 0, 1, 0]"
7966765,6091.35,GORENJE,GORENJE R49DPW,5.0,1,1,50,1.0,0.0,"[0, 0, 0, 0, 1]"
2923449,4284.84,Orava,ORAVA RGO-102 AW,4.8,4,1,200,1.0,0.0057,"[0, 0, 0, 1, 3]"
7469968,10181.46,BEKO,BEKO Beyond B5RCNA365HW,4.5,6,3,100,0.83,0.0298,"[0, 0, 1, 1, 4]"
6447171,16334.36,Bosch,BOSCH KIV86VSE0,4.5,2,0,50,1.0,0.0,"[0, 0, 0, 1, 1]"
6151515,20967.80,Bosch,BOSCH KIS86AFE0,5.0,2,0,100,1.0,0.0075,"[0, 0, 0, 0, 2]"
6389831,5989.00,ETA,ETA 253590040E,4.3,8,4,200,0.75,0.0266,"[1, 0, 1, 0, 6]"
6418985,13999.00,WHIRLPOOL,WHIRLPOOL WHC18 T311,3.9,13,8,200,0.77,0.0141,"[0, 2, 1, 6, 4]"
7665819,12890.00,HISENSE,HISENSE RB470N4SIC,5.0,2,1,20,1.0,0.0,"[0, 0, 0, 0, 2]"
5322725,12050.58,AMICA,AMICA KGCR 387100 L,4.7,17,5,100,0.94,0.0102,"[0, 1, 0, 3, 13]"
6788417,16900.72,Bosch,BOSCH KIN86VSE0,3.7,11,6,200,0.64,0.0,"[3, 0, 1, 1, 6]"
6398151,20499.83,GORENJE,GORENJE NRS9182VX1,5.0,7,4,100,1.0,0.0049,"[0, 0, 0, 0, 7]"
7353247,10490.00,HOOVER,HOOVER HOCE4T618EB,5.0,2,1,20,1.0,0.0,"[0, 0, 0, 0, 2]"
5260420,9199.00,AMICA,AMICA VC 1802 AFW,4.5,15,1,200,0.93,0.012,"[1, 0, 0, 4, 10]"
4518037,3004.72,GUZZANTI,GUZZANTI GZ 06B,4.5,12,2,200,0.92,0.0092,"[0, 0, 1, 4, 7]"
5322723,12011.89,AMICA,AMICA KGCR 387100 R,4.7,17,5,200,0.94,0.0115,"[0, 1, 0, 3, 13]"
6240485,5146.26,BEKO,BEKO TSE1284N,4.2,5,2,200,0.8,0.0,"[0, 1, 0, 1, 3]"
6389830,9990.00,ETA,ETA 253390040E,3.7,6,1,200,0.5,0.0414,"[1, 0, 2, 0, 3]"
5889132,32290.00,HAIER,HAIER HTF-520IP7,4.5,2,1,20,1.0,0.0164,"[0, 0, 0, 1, 1]"
6223482,6989.00,WHIRLPOOL,WHIRLPOOL W55TM 4110 W 1,4.8,6,2,500,1.0,0.0016,"[0, 0, 0, 1, 5]"
6110680,7994.09,AMICA,AMICA VC 1522 X,4.7,8,2,200,0.88,0.0162,"[0, 0, 1, 1, 6]"
5494022,17490.00,Concept,CONCEPT  LA3883ss SINFONIA,4.8,6,3,200,1.0,0.0208,"[0, 0, 0, 1, 5]"
6283938,19543.82,HAIER,HAIER HB17FPAAA,5.0,5,3,100,1.0,0.0,"[0, 0, 0, 0, 5]"
7852719,18390.00,HISENSE,HISENSE RS711N4WFD,5.0,1,1,10,1.0,0.0,"[0, 0, 0, 0, 1]"
6223499,13705.04,WHIRLPOOL,WHIRLPOOL ARZ 0051,5.0,2,0,500,1.0,0.0063,"[0, 0, 0, 0, 2]"
7920615,3749.00,CANDY,CANDY COHS 38EW36,5.0,1,1,20,1.0,0.0,"[0, 0, 0, 0, 1]"
7623694,25023.09,HAIER,HAIER HFR5720EWMG French Door 70,4.5,2,1,20,1.0,0.0,"[0, 0, 0, 1, 1]"
6223487,13990.00,WHIRLPOOL,WHIRLPOOL ART 9811 SF2,3.7,8,3,500,0.62,0.0231,"[2, 1, 0, 0, 5]"
6292407,12529.86,ELECTROLUX,ELECTROLUX LFB3AF12S,4.0,1,1,50,1.0,0.0078,"[0, 0, 0, 1, 0]"
6928135,9790.87,GORENJE,GORENJE NRK418ECW4,4.6,9,5,200,0.78,0.0,"[0, 0, 2, 0, 7]"
6489526,6278.33,PHILCO,PHILCO PTB 117 D,4.8,4,1,100,1.0,0.0047,"[0, 0, 0, 1, 3]"
7127104,18958.46,Bosch,BOSCH KGN397WCT,4.5,4,0,100,1.0,0.0094,"[0, 0, 0, 2, 2]"
5799526,16318.43,Bosch,BOSCH KGE36ALCA,4.8,5,2,50,1.0,0.0,"[0, 0, 0, 1, 4]"
1571780,4559.00,GUZZANTI,GUZZANTI GZ 44,4.4,23,13,500,0.83,0.0094,"[0, 3, 1, 4, 15]"
7764965,14178.05,Samsung,SAMSUNG RB38C606DSA/EF,5.0,3,1,50,1.0,0.0,"[0, 0, 0, 0, 3]"
6324731,8948.61,LIEBHERR,LIEBHERR Tb 1400,3.0,2,1,100,0.5,0.0,"[1, 0, 0, 0, 1]"
7127102,12155.74,Bosch,BOSCH KGN36VWED,5.0,4,3,100,1.0,0.0,"[0, 0, 0, 0, 4]"
6994316,23514.47,Bosch,BOSCH KGN39LBCF,5.0,2,1,50,1.0,0.02,"[0, 0, 0, 0, 2]"
5853432,9995.56,GORENJE,GORENJE NRK6202EW4,4.6,31,12,1000,0.9,0.0171,"[2, 1, 0, 3, 25]"
6318115,12990.00,LIEBHERR,LIEBHERR CUel 281,5.0,3,2,100,1.0,0.0,"[0, 0, 0, 0, 3]"
6318111,11482.77,LIEBHERR,LIEBHERR CU 281,5.0,3,1,200,1.0,0.0034,"[0, 0, 0, 0, 3]"
5548850,3799.00,AMICA,AMICA VJ 851.4 AW,4.7,7,1,1000,1.0,0.0315,"[0, 0, 0, 2, 5]"
6156934,19633.42,Bosch,BOSCH KGE49AWCA,4.9,9,4,200,1.0,0.0078,"[0, 0, 0, 1, 8]"
6703364,22663.40,AEG,AEG Mastery SKE818D1DS,5.0,3,1,50,1.0,0.0,"[0, 0, 0, 0, 3]"
6314810,6948.38,GODDESS,GODDESS RSD0124GW8F,4.0,2,1,100,0.5,0.0,"[0, 0, 1, 0, 1]"
7243709,24990.00,LG,LG GBB72MBUBN,4.7,8,4,20,0.88,0.0111,"[0, 0, 1, 1, 6]"
6524089,11492.76,GORENJE,GORENJE NRK6202EBXL4,4.6,10,3,200,0.9,0.002,"[1, 0, 0, 0, 9]"
6223491,13190.00,WHIRLPOOL,WHIRLPOOL ART 96101,4.3,11,4,100,0.82,0.0063,"[0, 0, 2, 4, 5]"
6274668,12990.00,Bosch,BOSCH KIV87NSF0,5.0,2,1,100,1.0,0.0,"[0, 0, 0, 0, 2]"
5250162,4284.84,Orava,ORAVA RGO-101 AW,5.0,4,1,200,1.0,0.0,"[0, 0, 0, 0, 4]"
5825997,19390.00,CANDY,CANDY CHSBSO 6174XWD,4.0,5,2,100,0.8,0.0118,"[0, 0, 1, 3, 1]"
7327759,14190.00,WHIRLPOOL,WHIRLPOOL W7X 83T KS 2,4.0,4,1,50,0.75,0.0036,"[1, 0, 0, 0, 3]"
7386846,22511.78,Bosch,BOSCH KGN49VICT,4.5,4,2,50,0.75,0.0084,"[0, 0, 1, 0, 3]"
4590289,9819.00,AMICA,AMICA VD 1442 AR,4.6,22,12,200,0.95,0.0224,"[0, 0, 1, 7, 14]"
7386848,20905.70,Bosch,BOSCH KGN492IDF,5.0,1,0,20,1.0,0.0,"[0, 0, 0, 0, 1]"
2146174,9999.00,PHILCO,PHILCO PTL 3352,4.5,2,1,100,1.0,0.0078,"[0, 0, 0, 1, 1]"
6524925,16323.98,HISENSE,HISENSE RB645N4BIE,5.0,2,2,50,1.0,0.0093,"[0, 0, 0, 0, 2]"
6309054,6339.83,HISENSE,HISENSE RL313D4AW1,5.0,7,1,500,1.0,0.0075,"[0, 0, 0, 0, 7]"
6319673,6981.17,LIEBHERR,LIEBHERR T 1400,4.5,4,2,200,0.75,0.0,"[0, 0, 1, 0, 3]"
7104866,21280.37,Samsung,SAMSUNG Bespoke RB38A7B6DB1/EF,5.0,1,0,20,1.0,0.0204,"[0, 0, 0, 0, 1]"
6366397,24812.01,Samsung,SAMSUNG RS67A8810S9/EF,4.2,13,4,50,0.77,0.0327,"[2, 1, 0, 0, 10]"
6286742,22024.20,HISENSE,HISENSE RF750N4ISF,4.5,10,5,200,0.9,0.0312,"[1, 0, 0, 1, 8]"
7802089,3445.66,CANDY,CANDY COHS 38F36W,5.0,1,0,100,1.0,0.0,"[0, 0, 0, 0, 1]"
7811731,7105.41,ETA,ETA 275590000E ,4.0,1,0,20,1.0,0.0,"[0, 0, 0, 1, 0]"
6110686,9769.00,AMICA,AMICA VD 1442 AY,4.6,22,12,100,0.95,0.0,"[0, 0, 1, 7, 14]"
5696050,8829.37,AMICA,AMICA VC 1752 AW,4.4,5,1,200,0.8,0.0115,"[0, 0, 1, 1, 3]"
7127101,14329.18,Bosch,BOSCH KGN362WDF,4.3,5,2,20,0.8,0.0,"[1, 0, 0, 0, 4]"
2923286,4416.02,GUZZANTI,GUZZANTI GZ 102,4.4,9,3,200,0.78,0.0093,"[1, 0, 1, 0, 7]"
5713440,8273.73,GUZZANTI,GUZZANTI GZ 117B,4.0,4,2,200,0.75,0.0133,"[0, 1, 0, 1, 2]"
6318110,11490.00,LIEBHERR,LIEBHERR CU 231,5.0,3,0,100,1.0,0.0063,"[0, 0, 0, 0, 3]"
6110689,8599.00,AMICA,AMICA VJ 1442 L,5.0,6,2,50,1.0,0.0,"[0, 0, 0, 0, 6]"
6581523,6989.00,ETA,ETA 253690030E,4.3,8,4,100,0.75,0.0517,"[1, 0, 1, 0, 6]"
6161072,13072.68,GORENJE,GORENJE NRS8182KX,4.8,8,6,200,1.0,0.0071,"[0, 0, 0, 2, 6]"
7628833,15672.15,Samsung,SAMSUNG BRB26600FWW/EF,5.0,1,1,50,1.0,0.0,"[0, 0, 0, 0, 1]"
6393998,9513.95,SNAIGE,SNAIGE FR24SM-PRC30E,5.0,2,2,100,1.0,0.0,"[0, 0, 0, 0, 2]"
5612026,10760.09,LIEBHERR,LIEBHERR CTel 2131,5.0,3,2,100,1.0,0.0,"[0, 0, 0, 0, 3]"
6292399,13590.00,AEG,AEG Mastery SCB618F3LS,4.5,2,1,50,1.0,0.0094,"[0, 0, 0, 1, 1]"
7760110,17539.36,Bosch,BOSCH KGN367WCT,4.4,3,3,20,0.67,0.0,"[0, 0, 1, 0, 2]"
6447172,17581.89,Bosch,BOSCH KIV87VFE0,3.3,3,0,50,0.67,0.0,"[1, 0, 0, 1, 1]"
7197960,15990.00,GORENJE,GORENJE NRK62CAW4,4.2,28,16,500,0.79,0.0054,"[2, 1, 3, 6, 16]"
7009208,8863.27,INDESIT,INDESIT  LI7 S2E S,3.0,1,1,50,0.0,0.0,"[0, 0, 1, 0, 0]"
6366399,25996.08,Samsung,SAMSUNG RS67A8811B1/EF,3.4,8,5,500,0.5,0.0148,"[2, 1, 1, 0, 4]"
6372264,25990.00,Samsung,SAMSUNG RS66A8101S9/EF,4.3,7,1,200,0.86,0.0046,"[1, 0, 0, 1, 5]"
7386845,25410.13,Bosch,BOSCH KGN49AICT,4.9,8,4,50,1.0,0.0,"[0, 0, 0, 1, 7]"
5838434,4999.01,Concept,CONCEPT LT3560WH,4.0,1,1,100,1.0,0.0,"[0, 0, 0, 1, 0]"
6471141,4999.01,Concept,CONCEPT MZ3555wh,5.0,2,1,100,1.0,0.0219,"[0, 0, 0, 0, 2]"
6366400,31279.86,Samsung,SAMSUNG RS67A8511S9/EF,4.0,4,3,100,0.75,0.0086,"[1, 0, 0, 0, 3]"
6390239,6499.00,AMICA,AMICA VD 1441 EBW,5.0,1,0,100,1.0,0.0077,"[0, 0, 0, 0, 1]"
6226123,20990.00,GORENJE,GORENJE NRS9181VX,4.8,9,5,200,1.0,0.0129,"[0, 0, 0, 2, 7]"
3990196,7287.14,AMICA,AMICA UKS 16148,4.0,1,1,200,1.0,0.007,"[0, 0, 0, 1, 0]"
6572874,3668.24,Concept,CONCEPT LTR3047wh RETRO,4.2,7,2,50,0.71,0.0,"[0, 1, 1, 1, 4]"
7177014,21990.00,HAIER,HAIER HFR5719EWMG ,4.3,4,1,10,0.75,0.0,"[0, 0, 1, 1, 2]"
6283933,9622.53,CANDY,CANDY CHOL 6174W/N,3.8,5,1,100,0.4,0.0,"[0, 0, 3, 0, 2]"
7122220,24990.00,LG,LG GSLV50PZXE,4.0,1,1,50,1.0,0.0,"[0, 0, 0, 1, 0]"
4590288,9519.00,AMICA,AMICA VD 1442 AB,4.6,22,12,20,0.95,0.0023,"[0, 0, 1, 7, 14]"
6448502,9043.63,INDESIT,INDESIT INFC8 TI21X,4.8,6,2,50,1.0,0.0195,"[0, 0, 0, 1, 5]"
5557261,13344.77,LIEBHERR,LIEBHERR CUno 2831,5.0,1,0,20,1.0,0.0,"[0, 0, 0, 0, 1]"
7084743,5706.68,PHILCO,PHILCO PT 204 EX,5.0,1,0,50,1.0,0.0,"[0, 0, 0, 0, 1]"
7761163,22290.00,Samsung,SAMSUNG RB38C705CB1/EF ,4.8,4,2,10,1.0,0.0,"[0, 0, 0, 1, 3]"
5832960,14761.25,SEVERIN,SEVERIN RKG 8925,5.0,4,3,20,1.0,0.0,"[0, 0, 0, 0, 4]"
6110681,5828.11,AMICA,AMICA VJ 12313 W,4.0,1,1,100,1.0,0.0056,"[0, 0, 0, 1, 0]"
7761165,27118.21,Samsung,SAMSUNG RB38C607AB1/EF ,4.8,23,10,20,0.96,0.0,"[1, 0, 0, 1, 21]"
5633378,44223.70,WHIRLPOOL,WHIRLPOOL WQ9 B2L,3.8,4,2,100,0.5,0.0137,"[0, 1, 1, 0, 2]"
5696049,10160.52,AMICA,AMICA VC 1752 AX,4.5,6,3,200,0.83,0.0156,"[0, 0, 1, 1, 4]"
6311268,10490.00,ETA,ETA 253490030E Storio,3.7,6,1,100,0.5,0.0248,"[1, 0, 2, 0, 3]"
6318107,10249.40,LIEBHERR,LIEBHERR CTP 231,3.0,1,0,50,0.0,0.0,"[0, 0, 1, 0, 0]"
5260521,7799.00,AMICA,AMICA VT 862 AL,4.5,17,6,200,0.82,0.0034,"[0, 2, 1, 1, 13]"
6292962,7419.00,ELECTROLUX,ELECTROLUX LXB1AE13W0,5.0,1,1,100,1.0,0.0,"[0, 0, 0, 0, 1]"
4727015,3299.00,AMICA,AMICA VM 501 AW,4.8,11,3,1000,1.0,0.0071,"[0, 0, 0, 2, 9]"
7404880,13394.03,HAIER,HAIER HDW3618DNPK,5.0,1,0,10,1.0,0.0,"[0, 0, 0, 0, 1]"
5723045,5479.00,PHILCO,PHILCO  PTB 1132,5.0,1,1,50,1.0,0.0,"[0, 0, 0, 0, 1]"
5896324,7399.00,AMICA,AMICA VC 1522 W,4.7,8,2,200,0.88,0.0027,"[0, 0, 1, 1, 6]"
6292400,12348.04,ELECTROLUX,ELECTROLUX LNT2LF18S,3.4,8,3,200,0.62,0.0115,"[2, 1, 0, 2, 3]"
7230979,20990.00,GORENJE,GORENJE NS9DXLWD,5.0,1,0,20,1.0,0.0233,"[0, 0, 0, 0, 1]"
6223494,11384.64,WHIRLPOOL,WHIRLPOOL ART 65011,4.0,5,2,500,0.6,0.0054,"[0, 1, 1, 0, 3]"
6162156,7639.13,BEKO,BEKO CSA240K30SN,4.4,5,3,200,0.8,0.0055,"[0, 0, 1, 1, 3]"
5832959,13811.47,SEVERIN,SEVERIN RKG 8922,5.0,4,3,20,1.0,0.0,"[0, 0, 0, 0, 4]"
5260422,10195.04,AMICA,AMICA VD 1442 AL,4.6,22,12,200,0.95,0.006,"[0, 0, 1, 7, 14]"
6489523,9419.00,LIEBHERR,LIEBHERR GKw 1455-1 ,5.0,2,2,100,1.0,0.0,"[0, 0, 0, 0, 2]"
7761174,12990.00,Samsung,SAMSUNG RB34C600DWW/EF ,4.4,6,4,50,0.83,0.0,"[0, 0, 1, 2, 3]"
6223498,15200.29,WHIRLPOOL,WHIRLPOOL ARG 180701,5.0,1,1,100,1.0,0.0116,"[0, 0, 0, 0, 1]"
6253199,11828.10,GORENJE,GORENJE NRK6192SYBK,5.0,2,0,100,1.0,0.0118,"[0, 0, 0, 0, 2]"
7747096,12798.92,LORD,LORD C21,3.0,2,2,10,0.5,0.0,"[1, 0, 0, 0, 1]"
5896323,6740.82,AMICA,AMICA VJ 12324 W,3.0,3,1,200,0.0,0.0195,"[0, 0, 3, 0, 0]"
6394001,10466.29,SNAIGE,SNAIGE FR24SM-PROC0E,5.0,1,1,20,1.0,0.0,"[0, 0, 0, 0, 1]"
5478832,41720.24,HAIER,HAIER HB18 FGSAAA,5.0,2,2,20,1.0,0.0,"[0, 0, 0, 0, 2]"
6448529,18199.08,Samsung,SAMSUNG BRB26605FWW/EF,4.8,6,3,100,1.0,0.011,"[0, 0, 0, 1, 5]"
7774595,17350.35,GORENJE,GORENJE NRR9185DAXL,5.0,2,1,20,1.0,0.0,"[0, 0, 0, 0, 2]"
7811153,21990.00,LG,LG GSBV70PZTE,4.0,2,0,20,1.0,0.0,"[0, 0, 0, 2, 0]"
7764964,16074.68,Samsung,SAMSUNG RB34C605CS9/EF,5.0,4,1,100,1.0,0.0,"[0, 0, 0, 0, 4]"
6489541,17990.00,Samsung,SAMSUNG Bespoke RB38A7B6D12/EF,3.7,3,3,10,0.67,0.0,"[1, 0, 0, 0, 2]"
6448530,19450.18,Samsung,SAMSUNG BRB26605EWW/EF,5.0,2,1,100,1.0,0.0,"[0, 0, 0, 0, 2]"
7469966,11737.17,BEKO,BEKO Beyond B5RCNA365HXB,5.0,1,0,50,1.0,0.0118,"[0, 0, 0, 0, 1]"
6469394,11735.20,GORENJE,GORENJE RKI4182A1,4.0,2,1,100,1.0,0.0123,"[0, 0, 0, 2, 0]"
5574836,26486.61,HAIER,HAIER B3FE742CMJW,5.0,1,1,50,1.0,0.0,"[0, 0, 0, 0, 1]"
5864840,27190.00,AEG,AEG Mastery RCB646E3MB,5.0,1,1,50,1.0,0.0658,"[0, 0, 0, 0, 1]"
6166974,24192.29,GORENJE,GORENJE NRS9182VXB1,4.9,10,4,20,1.0,0.0175,"[0, 0, 0, 1, 9]"
6991213,11498.51,CANDY,CANDY CCE4T618EB,5.0,4,1,200,1.0,0.009,"[0, 0, 0, 0, 4]"
5775843,17690.00,HAIER,HAIER A3FE837CGJ,4.8,5,4,50,1.0,0.0123,"[0, 0, 0, 1, 4]"
5842139,9142.09,SEVERIN,SEVERIN DT 8763,5.0,2,0,10,1.0,0.0,"[0, 0, 0, 0, 2]"
6418982,19683.81,WHIRLPOOL,WHIRLPOOL WHC20 T352,3.0,3,3,50,0.67,0.0032,"[1, 0, 0, 2, 0]"
6292959,7102.97,AEG,AEG RTB411E1AW,5.0,4,3,200,1.0,0.0083,"[0, 0, 0, 0, 4]"
7230579,17356.71,GORENJE,GORENJE NRC620CSXL4WF ConnectLife,5.0,4,3,50,1.0,0.0,"[0, 0, 0, 0, 4]"
6319670,10287.14,LIEBHERR,LIEBHERR K 230,4.7,3,1,100,1.0,0.0,"[0, 0, 0, 1, 2]"
6223488,18864.99,WHIRLPOOL,WHIRLPOOL SP40 800 EU 1,3.8,5,3,200,0.6,0.0274,"[1, 0, 1, 0, 3]"
6223483,46261.47,WHIRLPOOL,WHIRLPOOL WQ9I MO1L,3.5,2,1,20,0.5,0.0548,"[0, 1, 0, 0, 1]"
6223480,9415.97,WHIRLPOOL,WHIRLPOOL W5 811E OX 1,4.4,10,1,200,0.9,0.0021,"[1, 0, 0, 2, 7]"
6398150,13290.00,GORENJE,GORENJE NRK6192AC4,4.4,21,10,100,0.86,0.0,"[3, 0, 0, 2, 16]"
7500099,16190.00,HISENSE,HISENSE RS677N4BFE,4.7,3,3,50,1.0,0.0,"[0, 0, 0, 1, 2]"
7169430,10354.10,CANDY,CANDY CCE3T618ES,4.7,6,3,0,0.83,0.0,"[0, 0, 1, 0, 5]"
7762174,12784.70,Comfee,MIDEA MDRB470MGC02,4.6,9,3,10,0.89,0.0,"[1, 0, 0, 0, 8]"
7501266,29748.79,Bosch,BOSCH KGN86AIDR,5.0,1,1,20,1.0,0.0,"[0, 0, 0, 0, 1]"
7503358,4731.92,GUZZANTI,GUZZANTI GZ 09B1,5.0,1,0,20,1.0,0.0,"[0, 0, 0, 0, 1]"
6110683,11232.10,AMICA,AMICA VC 1622 M,5.0,1,0,20,1.0,0.0153,"[0, 0, 0, 0, 1]"
7501267,33064.74,Bosch,BOSCH KGN39AIAT,5.0,1,0,10,1.0,0.0,"[0, 0, 0, 0, 1]"
6278979,7169.70,CANDY,CANDY CMDDS 5142SN,4.0,1,1,200,1.0,0.0,"[0, 0, 0, 1, 0]"
6804349,5405.36,ROMO,ROMO RT2134W,4.0,1,1,200,1.0,0.0106,"[0, 0, 0, 1, 0]"
7623265,8346.27,CANDY,CANDY CDV1S514ESHE,5.0,1,1,20,1.0,0.0,"[0, 0, 0, 0, 1]"
7670401,7609.68,ROMO,Romo RSA242W,5.0,1,1,20,1.0,0.0,"[0, 0, 0, 0, 1]"
7142279,11239.64,HISENSE,HISENSE RB440N4ACD,4.0,3,0,100,0.67,0.0,"[0, 1, 0, 0, 2]"
6223502,9889.00,WHIRLPOOL,WHIRLPOOL ART 3801,4.7,3,1,100,1.0,0.0,"[0, 0, 0, 1, 2]"
5864835,24390.00,ELECTROLUX,ELECTROLUX LNT7ME46X2,5.0,1,1,20,1.0,0.0755,"[0, 0, 0, 0, 1]"
6448534,17132.72,SNAIGE,SNAIGE CD35DM-S300CD,3.0,2,0,100,0.5,0.009,"[1, 0, 0, 0, 1]"
6389827,7317.69,GODDESS,GODDESS RCE0142GX9E,4.0,1,0,50,1.0,0.0,"[0, 0, 0, 1, 0]"
4508900,17245.63,LIEBHERR,LIEBHERR TPesf 1710,5.0,1,0,20,1.0,0.0,"[0, 0, 0, 0, 1]"
4590293,7240.49,AMICA,AMICA VT 862 AB,4.5,17,6,200,0.82,0.0071,"[0, 2, 1, 1, 13]"
7544077,22932.61,ELECTROLUX,ELECTROLUX ENC8ME18R NoFrost,4.0,3,1,20,0.67,0.0,"[0, 1, 0, 0, 2]"
6549608,3079.38,PHILCO,PHILCO PSB 401 B Cube,5.0,5,2,200,1.0,0.0069,"[0, 0, 0, 0, 5]"
7386847,20735.23,Bosch,BOSCH KGN49VWDT,4.8,4,2,10,1.0,0.0,"[0, 0, 0, 1, 3]"
6161211,3069.64,PHILCO,PHILCO PSB 401 X Cube,4.5,2,1,100,1.0,0.0041,"[0, 0, 0, 1, 1]"
6389832,4293.60,GUZZANTI,GUZZANTI GZ 44W,5.0,1,1,20,1.0,0.0,"[0, 0, 0, 0, 1]"
6110687,8954.38,AMICA,AMICA VJ 1442 M,5.0,6,2,20,1.0,0.0256,"[0, 0, 0, 0, 6]"
7966764,19990.00,GORENJE,GORENJE R619CSXL6,,0,0,20,,0.0,"[0, 0, 0, 0, 0]"
7327758,12990.00,WHIRLPOOL,WHIRLPOOL W7X 83T MX,4.5,2,0,20,1.0,0.0,"[0, 0, 0, 1, 1]"
5842129,11390.00,ELECTROLUX,ELECTROLUX LNT5MF32W0,3.0,3,2,50,0.67,0.0,"[1, 0, 0, 2, 0]"
4590292,7265.63,AMICA,AMICA VT 862 AM,4.5,17,6,200,0.82,0.0081,"[0, 2, 1, 1, 13]"
6690863,12546.53,ETA,ETA 254990000E ,4.0,1,1,10,1.0,0.0,"[0, 0, 0, 1, 0]"
7075561,21615.09,LIEBHERR,LIEBHERR CNd 5723,5.0,1,0,20,1.0,0.0,"[0, 0, 0, 0, 1]"
7500090,28633.77,HISENSE,HISENSE RS818N4TFE,5.0,1,0,20,1.0,0.0,"[0, 0, 0, 0, 1]"
5799532,20345.00,SIEMENS,SIEMENS KG49NXIEP,4.7,3,3,50,1.0,0.0,"[0, 0, 0, 1, 2]"
6489529,20690.00,Samsung,SAMSUNG Bespoke RB38A7B63S9/EF,4.0,5,1,20,0.8,0.0096,"[1, 0, 0, 1, 3]"
7469967,11144.76,BEKO,BEKO Beyond B5RCNA405HXB,3.5,2,1,50,0.5,0.0172,"[0, 1, 0, 0, 1]"
6469018,8991.17,LIEBHERR,LIEBHERR T 1700,5.0,1,0,50,1.0,0.0,"[0, 0, 0, 0, 1]"
6977949,4990.00,Klarstein,KLARSTEIN Cool Vibe,5.0,1,0,20,1.0,0.0,"[0, 0, 0, 0, 1]"
6994314,16990.00,Bosch,BOSCH KGN39VLEB,5.0,1,1,0,1.0,0.0,"[0, 0, 0, 0, 1]"
6283936,69990.00,HAIER,HAIER HFF-750CGBJ,3.0,1,1,0,0.0,0.0,"[0, 0, 1, 0, 0]"
7500091,18424.67,HISENSE,HISENSE RB645N4BFE,5.0,1,1,10,1.0,0.0,"[0, 0, 0, 0, 1]"
7079087,26287.36,LIEBHERR,LIEBHERR SRbde 5220,5.0,1,0,10,1.0,0.0,"[0, 0, 0, 0, 1]"
7290723,12837.70,CANDY,CANDY CCE7T620DS,5.0,3,2,50,1.0,0.0143,"[0, 0, 0, 0, 3]"
7999734,25990.00,HISENSE,HISENSE RF815N4SESE,,0,0,20,,0.0,"[0, 0, 0, 0, 0]"
6489782,6448.36,PHILCO,PHILCO PTL 131 D,5.0,1,1,50,1.0,0.0,"[0, 0, 0, 0, 1]"
7761170,12769.70,Samsung,SAMSUNG RB34C600DSA/EF ,4.4,6,4,20,0.83,0.0,"[0, 0, 1, 2, 3]"
5832956,13539.95,SEVERIN,SEVERIN RKG 8923,5.0,4,3,20,1.0,0.0,"[0, 0, 0, 0, 4]"
6318108,10750.61,LIEBHERR,LIEBHERR CTPel 231,4.0,2,1,20,1.0,0.0,"[0, 0, 0, 2, 0]"
5842137,9142.09,SEVERIN,SEVERIN DT 8761,5.0,2,0,20,1.0,0.0,"[0, 0, 0, 0, 2]"
6928194,8847.30,SNAIGE,SNAIGE RF27SM-P0002E,4.0,1,1,50,1.0,0.0,"[0, 0, 0, 1, 0]"
6308536,9514.47,SNAIGE,SNAIGE RF53SM-S5JJ2F,4.0,3,1,50,0.67,0.0118,"[0, 0, 1, 1, 1]"
7176161,44557.66,Samsung,SAMSUNG RH69B8941B1/EF,5.0,1,0,10,1.0,0.0,"[0, 0, 0, 0, 1]"
6524085,18919.33,GORENJE,GORENJE NRC6204SXL5M,4.7,3,2,0,1.0,0.0,"[0, 0, 0, 1, 2]"
7738109,12349.34,BEKO,BEKO Beyond B5RCNA406HXB1,,0,0,20,,0.0,"[0, 0, 0, 0, 0]"
6110688,9698.54,AMICA,AMICA VJ 1442 R,5.0,6,2,10,1.0,0.0,"[0, 0, 0, 0, 6]"
6939492,9499.00,CHiQ,CHiQ CBM250NE1EA,3.7,3,2,50,0.67,0.0,"[1, 0, 0, 0, 2]"
6153375,6199.00,BEKO,BEKO RDSA240K30WN,2.0,2,1,500,0.0,0.0035,"[1, 0, 1, 0, 0]"
7256433,11082.17,CANDY,CANDY CCE4T620EW,3.0,2,0,0,0.5,0.0,"[1, 0, 0, 0, 1]"
7811726,11990.00,ETA,ETA 139190001D,3.0,1,0,20,0.0,0.0,"[0, 0, 1, 0, 0]"
5842136,9142.09,SEVERIN,SEVERIN DT 8762,5.0,2,0,20,1.0,0.0,"[0, 0, 0, 0, 2]"
7774592,18990.00,GORENJE,GORENJE NRR9185EABXL,4.2,6,2,50,0.83,0.0096,"[1, 0, 0, 1, 4]"
7815455,10390.00,CANDY,CANDY CBL3519FW,3.0,2,1,20,0.5,0.0,"[1, 0, 0, 0, 1]"
6703358,18441.95,AEG,AEG Mastery CustomFlex SCE618E5TS,3.0,3,2,10,0.67,0.0,"[1, 0, 0, 2, 0]"
7333196,19833.04,LIEBHERR,LIEBHERR KGNsdd 57Z23,5.0,1,0,10,1.0,0.0,"[0, 0, 0, 0, 1]"
6977936,6459.00,Klarstein,KLARSTEIN Beersafe XL Quartz,3.5,2,1,10,0.5,0.0,"[0, 1, 0, 0, 1]"
7766709,29990.00,LG,LG GSLV70PZTD,,0,0,20,,0.0,"[0, 0, 0, 0, 0]"
7333193,18818.77,LIEBHERR,LIEBHERR KGNsfd 57Z03,5.0,1,1,10,1.0,0.0,"[0, 0, 0, 0, 1]"
7359970,23127.29,HOOVER,HOOVER HSF818EXWD,5.0,2,0,0,1.0,0.0,"[0, 0, 0, 0, 2]"
7075557,23481.73,LIEBHERR,LIEBHERR CNd 5724,4.5,2,0,0,1.0,0.0,"[0, 0, 0, 1, 1]"
7951206,24976.40,LG,LG GBV7280AEV,4.0,1,0,0,1.0,0.0,"[0, 0, 0, 1, 0]"
6223496,11917.24,WHIRLPOOL,WHIRLPOOL ART 66102,2.5,6,4,500,0.33,0.0144,"[3, 1, 0, 0, 2]"
7075555,22637.85,LIEBHERR,LIEBHERR CNd 5224,5.0,1,0,0,1.0,0.0,"[0, 0, 0, 0, 1]"
7742309,8269.00,HOOVER,HOOVER HOCT3L517EW2,,0,0,50,,0.0,"[0, 0, 0, 0, 0]"
7290914,12754.05,HOOVER,HOOVER HOCE7620DX,3.0,1,1,10,0.0,0.0,"[0, 0, 1, 0, 0]"
7650379,20852.55,HAIER,HAIER HSR5918DWMP,5.0,2,0,0,1.0,0.0,"[0, 0, 0, 0, 2]"
7764966,13990.00,Samsung,SAMSUNG RB38C600DSA/EF,1.0,1,1,10,0.0,0.0,"[1, 0, 0, 0, 0]"
7544078,21911.15,AEG,AEG SCE818E8MF NoFrost,4.0,1,1,0,1.0,0.0,"[0, 0, 0, 1, 0]"
5832968,11904.04,SEVERIN,SEVERIN RKG 8930,4.4,3,1,10,0.67,0.0,"[0, 0, 1, 0, 2]"
7951207,34990.00,LG,LG GSLV71PZRC,,0,0,0,,0.0,"[0, 0, 0, 0, 0]"
7852746,19754.65,LG,LG GSLV31DSXE,5.0,1,1,20,1.0,0.0,"[0, 0, 0, 0, 1]"
5832961,15237.44,SEVERIN,SEVERIN RKG 8920,5.0,4,3,20,1.0,0.0,"[0, 0, 0, 0, 4]"
6436247,16180.37,SNAIGE,SNAIGE CD35DM-S300SD,,0,0,100,,0.0,"[0, 0, 0, 0, 0]"
6977941,3899.00,Klarstein,KLARSTEIN Scooby,5.0,2,1,20,1.0,0.0,"[0, 0, 0, 0, 2]"
7761153,22590.00,Samsung,SAMSUNG Bespoke RB38C7B6BS9/EF ,,0,0,20,,0.0,"[0, 0, 0, 0, 0]"
8008646,28704.91,Bosch,BOSCH KIN96VFD0,,0,0,0,,0.0,"[0, 0, 0, 0, 0]"
7333194,15466.60,LIEBHERR,LIEBHERR KGNsff 52Z03,5.0,2,1,10,1.0,0.0,"[0, 0, 0, 0, 2]"
7623695,13730.92,HAIER,HAIER HDW3618DNPB,5.0,1,0,10,1.0,0.0,"[0, 0, 0, 0, 1]"
7852721,11990.00,HISENSE,HISENSE RB390N4BC31,,0,0,10,,0.0,"[0, 0, 0, 0, 0]"
7857934,14710.70,Maxxo,Maxxo BC358L-C,5.0,1,0,20,1.0,0.0,"[0, 0, 0, 0, 1]"
7737463,3727.64,GUZZANTI,Guzzanti GZ 90A,3.0,1,0,20,0.0,0.0,"[0, 0, 1, 0, 0]"
7857935,11126.08,Maxxo,Maxxo BC237L-C,,0,0,20,,0.0,"[0, 0, 0, 0, 0]"
7781308,8634.68,Siguro,Siguro BI-N130W Vivid,,0,0,50,,0.0,"[0, 0, 0, 0, 0]"
6744326,20858.44,ELECTROLUX,ELECTROLUX FlexiShelf KNT4FD18S,,0,0,50,,0.0149,"[0, 0, 0, 0, 0]"
6937639,42608.36,LIEBHERR,LIEBHERR IRBd 4150,5.0,1,0,0,1.0,0.0,"[0, 0, 0, 0, 1]"
7764962,14873.77,Samsung,SAMSUNG RB38C600DB1/EF,5.0,1,1,0,1.0,0.0,"[0, 0, 0, 0, 1]"
5719187,6390.00,CANDY,CANDY CFBD 2450/2E,2.5,2,0,200,0.5,0.0026,"[1, 0, 0, 1, 0]"
7404881,13735.86,HAIER,HAIER HDW1620DNPK,4.5,2,1,0,1.0,0.0,"[0, 0, 0, 1, 1]"
7781309,6990.00,Siguro,SIGURO MC-J140W,,0,0,20,,0.0,"[0, 0, 0, 0, 0]"
7888805,11076.73,BEKO,BEKO Beyond B5RCNA405HXBR1,,0,0,20,,0.0,"[0, 0, 0, 0, 0]"
7005251,12076.61,HISENSE,HISENSE RB372N4CCD,5.0,3,1,0,1.0,0.0,"[0, 0, 0, 0, 3]"
8008647,15138.79,Bosch,BOSCH KIV86NSE0,,0,0,0,,0.0,"[0, 0, 0, 0, 0]"
7761169,18088.85,Samsung,SAMSUNG RB38C602CSA/EF ,4.0,1,0,0,1.0,0.0,"[0, 0, 0, 1, 0]"
7999735,26818.41,HISENSE,HISENSE RQ758N4SBFE,,0,0,0,,0.0,"[0, 0, 0, 0, 0]"
5832967,7633.95,SEVERIN,SEVERIN RKS 8831,5.0,1,1,10,1.0,0.0,"[0, 0, 0, 0, 1]"
7752629,27710.49,HISENSE,HISENSE RQ758N4BSE,2.5,2,0,10,0.5,0.0,"[1, 0, 0, 1, 0]"
7599754,21200.53,Bosch,BOSCH KGE398IBP,,0,0,10,,0.0,"[0, 0, 0, 0, 0]"
5832970,8881.99,SEVERIN,SEVERIN RKS 8830,5.0,1,1,0,1.0,0.0,"[0, 0, 0, 0, 1]"
6394014,9037.78,SNAIGE,SNAIGE C31SM-T1002F,,0,0,50,,0.0,"[0, 0, 0, 0, 0]"
7811727,9989.00,ETA,ETA 275690010E,,0,0,10,,0.0,"[0, 0, 0, 0, 0]"
6937669,46591.35,LIEBHERR,LIEBHERR ICNe 5133,5.0,1,0,0,1.0,0.0,"[0, 0, 0, 0, 1]"
7339582,8990.00,ETA,ETA 275290000E ,,0,0,20,,0.0,"[0, 0, 0, 0, 0]"
7640857,39990.00,Concept,CONCEPT LA7991bc BLACK,,0,0,0,,0.0,"[0, 0, 0, 0, 0]"
6223490,19290.00,WHIRLPOOL,WHIRLPOOL SP40 801 EU 1,1.2,5,3,100,0.0,0.0232,"[4, 1, 0, 0, 0]"
8008648,15138.79,Bosch,BOSCH KIV87NSE0,,0,0,0,,0.0,"[0, 0, 0, 0, 0]"
7468591,29990.00,ELECTROLUX,ELECTROLUX ECB7TE70S NoFrost,,0,0,20,,0.0,"[0, 0, 0, 0, 0]"
7333192,17039.32,LIEBHERR,LIEBHERR KGNsfd 52Z03,5.0,1,1,0,1.0,0.0,"[0, 0, 0, 0, 1]"
8134049,28120.56,Bosch,BOSCH KGN39VXAT,,0,0,0,,0.0,"[0, 0, 0, 0, 0]"
6697940,4696.59,Nedis,NEDIS KAPC030SS,5.0,1,0,0,1.0,0.0,"[0, 0, 0, 0, 1]"
6977879,39289.95,Bosch,BOSCH KFN96VPEA,,0,0,10,,0.0,"[0, 0, 0, 0, 0]"
6447124,7618.24,GUZZANTI,GUZZANTI GZ 8818,,0,0,20,,0.0,"[0, 0, 0, 0, 0]"
8008649,29877.28,Bosch,BOSCH KIF81PFE0,,0,0,0,,0.0,"[0, 0, 0, 0, 0]"
6713704,27990.00,HAIER,HAIER HFW7720ENMB,1.0,1,0,20,0.0,0.0,"[1, 0, 0, 0, 0]"
7414238,40890.00,ELECTROLUX,ELECTROLUX ELT9VE52M0 NoFrost,4.5,2,0,0,1.0,0.0,"[0, 0, 0, 1, 1]"
6283940,22467.11,HAIER,HAIER HSR3918EWPG,5.0,3,1,0,1.0,0.0,"[0, 0, 0, 0, 3]"
7763369,18990.00,AEG,AEG 6000 TwinTech RCB636E8MX,3.0,1,1,0,0.0,0.0,"[0, 0, 1, 0, 0]"
7850420,11832.32,BEKO,BEKO Beyond B5RCNA366HG,,0,0,10,,0.0,"[0, 0, 0, 0, 0]"
5832974,8570.65,SEVERIN,SEVERIN RKS 8833,5.0,1,1,0,1.0,0.0,"[0, 0, 0, 0, 1]"
6994313,17233.45,SIEMENS,SIEMENS KG39N2IDF,,0,0,10,,0.0,"[0, 0, 0, 0, 0]"
6318105,11629.59,LIEBHERR,LIEBHERR CTP 251,,0,0,100,,0.0085,"[0, 0, 0, 0, 0]"
7970866,22971.31,ELECTROLUX,ELECTROLUX 600 TwinTech ENT6ME19S,,0,0,0,,0.0,"[0, 0, 0, 0, 0]"
7951166,5237.25,GUZZANTI,GUZZANTI GZ 70G,,0,0,0,,0.0,"[0, 0, 0, 0, 0]"
5832972,8570.65,SEVERIN,SEVERIN RKS 8834,5.0,1,1,0,1.0,0.0,"[0, 0, 0, 0, 1]"
5832969,8570.65,SEVERIN,SEVERIN RKS 8832,5.0,1,1,0,1.0,0.0,"[0, 0, 0, 0, 1]"
7853701,20458.05,LIEBHERR,LIEBHERR KGNsdc 57Z03,,0,0,0,,0.0,"[0, 0, 0, 0, 0]"
7763378,20956.85,AEG,AEG 8000 Cooling 360 RCB732D7MX,,0,0,0,,0.0,"[0, 0, 0, 0, 0]"
7075558,22654.08,LIEBHERR,LIEBHERR CNd 5734,,0,0,10,,0.0,"[0, 0, 0, 0, 0]"
6410993,72352.58,LG,LG GMX945MC9F ,5.0,1,0,20,1.0,0.0,"[0, 0, 0, 0, 1]"
7781310,7490.00,Siguro,SIGURO MC-J140S,,0,0,10,,0.0,"[0, 0, 0, 0, 0]"
6703356,13590.00,ELECTROLUX,ELECTROLUX LNT3FF18S,,0,0,0,,0.0,"[0, 0, 0, 0, 0]"
7811728,8989.00,ETA,ETA 275690000E,,0,0,0,,0.0,"[0, 0, 0, 0, 0]"
6228593,4445.31,GUZZANTI,Guzzanti GZ 24G,5.0,2,1,200,1.0,0.0045,"[0, 0, 0, 0, 2]"
7760112,19089.43,SIEMENS,SIEMENS KI41RADD1,,0,0,10,,0.0,"[0, 0, 0, 0, 0]"
5864845,23822.76,ELECTROLUX,ELECTROLUX LNT7ME34G1,4.0,1,1,0,1.0,0.0,"[0, 0, 0, 1, 0]"
6572876,6469.00,PHILCO,PHILCO PC 165 E,2.0,1,1,100,0.0,0.0145,"[0, 1, 0, 0, 0]"
6926628,12763.53,SNAIGE,SNAIGE CC35DM-P600FD,,0,0,20,,0.0,"[0, 0, 0, 0, 0]"
6862243,15010.10,SIEMENS,SIEMENS KU15RADF0,,0,0,50,,0.0,"[0, 0, 0, 0, 0]"
7763377,17755.25,ELECTROLUX,ELECTROLUX 600 DynamicAir LRS2DE39W,,0,0,10,,0.0,"[0, 0, 0, 0, 0]"
7763376,15911.15,ELECTROLUX,ELECTROLUX 700 MultiFlow LRT6ME38W1,,0,0,20,,0.0,"[0, 0, 0, 0, 0]"
7414459,17927.08,AEG,AEG SCB819F8FS LowFrost,1.0,1,1,10,0.0,0.0,"[1, 0, 0, 0, 0]"
7789595,21808.68,Bosch,BOSCH KGE398XBA,3.0,1,1,0,0.0,0.0,"[0, 0, 1, 0, 0]"
7359971,30912.09,HAIER,HAIER HSR5918DIPB,,0,0,10,,0.0,"[0, 0, 0, 0, 0]"
6389835,18490.00,PHILCO,PHILCO PTL 1772 EBI,,0,0,10,,0.0,"[0, 0, 0, 0, 0]"
7962435,17537.53,AEG,AEG 6000 Twintech OSC6N181ES,,0,0,0,,0.0,"[0, 0, 0, 0, 0]"
7997042,15050.60,LIEBHERR,LIEBHERR ICNSf 5103,,0,0,0,,0.0,"[0, 0, 0, 0, 0]"
7699199,18878.87,Concept,CONCEPT LKR7460bcr Retro R,,0,0,0,,0.0,"[0, 0, 0, 0, 0]"
7763380,18490.00,ELECTROLUX,ELECTROLUX 500 ColdSense LND5FE18S,,0,0,0,,0.0,"[0, 0, 0, 0, 0]"
7761159,21024.16,Samsung,SAMSUNG Bespoke RB38C7B6D41/EF  ,,0,0,0,,0.0,"[0, 0, 0, 0, 0]"
7888807,10851.26,BEKO,BEKO Beyond B5RCNA405HG,3.0,1,1,0,0.0,0.0,"[0, 0, 1, 0, 0]"
6318112,13118.25,LIEBHERR,LIEBHERR CU 331,,0,0,50,,0.0132,"[0, 0, 0, 0, 0]"
7997041,15050.60,LIEBHERR,LIEBHERR ICNf 5103,,0,0,0,,0.0,"[0, 0, 0, 0, 0]"
7763386,14318.96,ELECTROLUX,ELECTROLUX 600 TwinTech LNT5ME36W1,,0,0,0,,0.0,"[0, 0, 0, 0, 0]"
7951167,15764.17,GUZZANTI,GUZZANTI GZ 363,,0,0,0,,0.0,"[0, 0, 0, 0, 0]"
6318109,11383.43,LIEBHERR,LIEBHERR CTPel 251,,0,0,50,,0.0,"[0, 0, 0, 0, 0]"
7745772,9051.45,SNAIGE,SNAIGE CD14SM-S3003C,,0,0,10,,0.0,"[0, 0, 0, 0, 0]"
6703374,15590.00,AEG,AEG Mastery NoFrost SCB618F6TS,,0,0,20,,0.0,"[0, 0, 0, 0, 0]"
7986278,17190.00,Concept,CONCEPT LK6560SS,,0,0,0,,0.0,"[0, 0, 0, 0, 0]"
6228592,4405.55,GUZZANTI,Guzzanti GZ 28S,,0,0,50,,0.0097,"[0, 0, 0, 0, 0]"
7763390,14278.35,AEG,AEG 6000 TwinTech RCB632E6MW,,0,0,0,,0.0,"[0, 0, 0, 0, 0]"
5548854,4999.01,AMICA,AMICA VJ 852.3 AW,,0,0,200,,0.0122,"[0, 0, 0, 0, 0]"
7763384,13894.55,ELECTROLUX,ELECTROLUX 600 TwinTech LNT5ME32U1,,0,0,0,,0.0,"[0, 0, 0, 0, 0]"
5864843,22012.17,ELECTROLUX,ELECTROLUX LNT7ME34K1,5.0,2,1,20,1.0,0.0,"[0, 0, 0, 0, 2]"
7051714,14690.01,PHILCO,PHILCO PCD 3132 ENFX,,0,0,10,,0.0,"[0, 0, 0, 0, 0]"
7811730,13007.89,ETA,ETA 336290010CN,,0,0,0,,0.0,"[0, 0, 0, 0, 0]"
6151518,44490.00,Bosch,BOSCH KAD93AIEP,,0,0,20,,0.037,"[0, 0, 0, 0, 0]"
6469020,10229.50,LIEBHERR,LIEBHERR T 1810,,0,0,50,,0.0,"[0, 0, 0, 0, 0]"
7747098,12590.00,LORD,LORD C19,,0,0,10,,0.0,"[0, 0, 0, 0, 0]"
6852418,12696.08,LORD,LORD R7,,0,0,0,,0.0,"[0, 0, 0, 0, 0]"
5608226,7789.00,GUZZANTI,GUZZANTI GZ 117A,2.7,7,3,200,0.43,0.0176,"[3, 0, 1, 2, 1]"
7815429,20000.26,HOOVER,HOOVER HHCR3818EWPL,,0,0,20,,0.0,"[0, 0, 0, 0, 0]"
7899033,12705.50,MORA,MORA VCN 1832,,0,0,0,,0.0,"[0, 0, 0, 0, 0]"
7234044,4290.00,GODDESS,GODDESS RSE084GW8SF,,0,0,50,,0.0,"[0, 0, 0, 0, 0]"
6675950,5040.98,GUZZANTI,GUZZANTI GZ 44GW,,0,0,50,,0.0484,"[0, 0, 0, 0, 0]"
8072741,9596.01,HISENSE,HISENSE RB390N4BW20,,0,0,0,,0.0,"[0, 0, 0, 0, 0]"
6864189,1859.66,Nedis,NEDIS KAFR120CRD ,2.0,2,1,100,0.0,0.0325,"[1, 0, 1, 0, 0]"
6110684,11614.43,AMICA,AMICA VC 1622 B,,0,0,20,,0.0,"[0, 0, 0, 0, 0]"
5266306,12490.00,CANDY,CANDY CFLO3550E/N,,0,0,100,,0.0,"[0, 0, 0, 0, 0]"
6389826,6970.88,GODDESS,GODDESS RCE0142GW9E ,,0,0,50,,0.0,"[0, 0, 0, 0, 0]"
7359976,4004.52,PHILCO,PHILCO PTL 93 F,1.0,1,0,100,0.0,0.0,"[1, 0, 0, 0, 0]"
6438314,8689.00,CANDY,CANDY CIO 225 EE/N,,0,0,100,,0.0,"[0, 0, 0, 0, 0]"
7864318,10466.87,Kluge,Kluge KND247W,,0,0,0,,0.0,"[0, 0, 0, 0, 0]"
7226284,3536.59,PHILCO,PHILCO PTB 94 FW,,0,0,100,,0.0074,"[0, 0, 0, 0, 0]"
6366404,74490.00,Samsung,SAMSUNG RF65A967ESR/EO,,0,0,10,,0.0,"[0, 0, 0, 0, 0]"
7743987,12847.16,SNAIGE,SNAIGE CD29SM-S300SE,,0,0,10,,0.0,"[0, 0, 0, 0, 0]"
6497709,15090.00,Vestfrost,VESTFROST VR-FB383-2H0I,,0,0,0,,0.0,"[0, 0, 0, 0, 0]"
5290774,16923.88,HAIER,HAIER A3FE835CGJE,,0,0,10,,0.0,"[0, 0, 0, 0, 0]"
6318106,8490.00,LIEBHERR,LIEBHERR CTP 211,1.0,1,1,200,0.0,0.0,"[1, 0, 0, 0, 0]"
6788421,21996.94,SIEMENS,SIEMENS KI86NHFE0,,0,0,20,,0.0,"[0, 0, 0, 0, 0]"
7747095,14990.00,GORENJE,GORENJE RKI419FP1,,0,0,20,,0.0159,"[0, 0, 0, 0, 0]"
7746851,7940.03,LORD,LORD R12,,0,0,10,,0.0,"[0, 0, 0, 0, 0]"
6215785,10466.87,ROMO,ROMO RCS2270X,3.4,5,0,50,0.6,0.0,"[1, 0, 1, 2, 1]"
6788420,21336.49,SIEMENS,SIEMENS KI86NVSE0,2.0,1,1,20,0.0,0.0,"[0, 1, 0, 0, 0]"
5832965,12279.32,SEVERIN,SEVERIN RKG 8932,4.4,3,1,0,0.67,0.0,"[0, 0, 1, 0, 2]"
5305324,31446.36,PHILCO,PHILCO PX 502 Iceberg SBS,,0,0,20,,0.0164,"[0, 0, 0, 0, 0]"
7359969,29410.09,HAIER,HAIER HCR5919ENMB,,0,0,20,,0.0,"[0, 0, 0, 0, 0]"
7175999,13390.00,FAGOR,FAGOR 3FFK-6945,1.0,1,0,20,0.0,0.0,"[1, 0, 0, 0, 0]"
6994311,16767.53,Bosch,BOSCH KGN392WDF,,0,0,20,,0.0,"[0, 0, 0, 0, 0]"
6332497,42824.13,SIEMENS,SIEMENS KI86FPDD0,,0,0,10,,0.0,"[0, 0, 0, 0, 0]"
7079086,29619.55,LIEBHERR,LIEBHERR Rd 5250,,0,0,20,,0.0,"[0, 0, 0, 0, 0]"
7737473,4228.01,GUZZANTI,Guzzanti GZ 48A,,0,0,20,,0.0,"[0, 0, 0, 0, 0]"
6393999,9513.95,SNAIGE,SNAIGE FR24SM-PRDL0E,1.0,1,0,50,0.0,0.0,"[1, 0, 0, 0, 0]"
6237910,17690.00,AEG,AEG RKB638E4MX,,0,0,50,,0.0169,"[0, 0, 0, 0, 0]"
6308532,9513.95,SNAIGE,SNAIGE FR24SM-PRJ30E,,0,0,50,,0.0,"[0, 0, 0, 0, 0]"
6292958,6751.55,AEG,AEG RTB414F1AW,,0,0,10,,0.0,"[0, 0, 0, 0, 0]"
6638127,4569.66,GUZZANTI,GUZZANTI GZ 44S,,0,0,20,,0.0,"[0, 0, 0, 0, 0]"
6937650,40044.89,LIEBHERR,LIEBHERR IRBe 5120,,0,0,20,,0.0,"[0, 0, 0, 0, 0]"
7327762,16449.41,WHIRLPOOL,WHIRLPOOL W7X 93A K 1,,0,0,0,,0.0,"[0, 0, 0, 0, 0]"
6796421,18089.00,SIEMENS,SIEMENS KG39NXLCF,,0,0,20,,0.0256,"[0, 0, 0, 0, 0]"
6308533,10238.31,SNAIGE,SNAIGE FR27SM-PRR50F,5.0,1,0,10,1.0,0.0,"[0, 0, 0, 0, 1]"
7852098,5713.45,SEVERIN,Severin TKS 8845,,0,0,0,,0.0,"[0, 0, 0, 0, 0]"
6674547,63911.57,Miele,MIELE K 7773 D,,0,0,0,,0.0,"[0, 0, 0, 0, 0]"
6153390,12830.77,BEKO,BEKO BCHA275E4SN,,0,0,50,,0.009,"[0, 0, 0, 0, 0]"
6994310,15835.27,Bosch,BOSCH KGN392LDF,,0,0,20,,0.0,"[0, 0, 0, 0, 0]"
8076934,4294.88,GUZZANTI,GUZZANTI GZ 48S,,0,0,0,,0.0,"[0, 0, 0, 0, 0]"
5673289,24990.00,Concept,CONCEPT LA7791ds TITANIA,,0,0,10,,0.0,"[0, 0, 0, 0, 0]"
7075542,50870.95,LIEBHERR,LIEBHERR CBNbsa 5753,1.0,1,0,0,0.0,0.0,"[1, 0, 0, 0, 0]"
7815428,18100.86,HOOVER,HOOVER HHCR3818ENPL,,0,0,10,,0.0,"[0, 0, 0, 0, 0]"
7327761,9654.23,WHIRLPOOL,WHIRLPOOL W7X 81I W,2.5,2,1,10,0.5,0.0,"[1, 0, 0, 1, 0]"
6332499,23290.00,Bosch,BOSCH KIL82AFF0,,0,0,10,,0.0,"[0, 0, 0, 0, 0]"
6977951,4904.80,Klarstein,KLARSTEIN Brooklyn 32 Silver mini,,0,0,0,,0.0,"[0, 0, 0, 0, 0]"
6674546,41803.19,Miele,MIELE K 7743 E,,0,0,0,,0.0,"[0, 0, 0, 0, 0]"
7176113,15990.00,FAGOR,FAGOR 3FIC-5440,,0,0,20,,0.0,"[0, 0, 0, 0, 0]"
6937662,43726.97,LIEBHERR,LIEBHERR ICNd 5123,,0,0,10,,0.0,"[0, 0, 0, 0, 0]"
6318113,13162.73,LIEBHERR,LIEBHERR CUef 331,,0,0,50,,0.0,"[0, 0, 0, 0, 0]"
7917928,30990.00,LG,LG GSLV71MCTD,,0,0,0,,0.0,"[0, 0, 0, 0, 0]"
7789598,28403.13,SIEMENS,SIEMENS KG49NXIBF,,0,0,0,,0.0,"[0, 0, 0, 0, 0]"
6713705,38209.44,HAIER,HAIER HFW7819EWMP,,0,0,0,,0.0,"[0, 0, 0, 0, 0]"
7075560,23948.18,LIEBHERR,LIEBHERR CNsdc 5223,,0,0,10,,0.0,"[0, 0, 0, 0, 0]"
6674549,36092.64,Miele,MIELE KF 7731 E,,0,0,10,,0.0,"[0, 0, 0, 0, 0]"
6447170,18679.21,SIEMENS,SIEMENS KI87VVFE1,,0,0,20,,0.0,"[0, 0, 0, 0, 0]"
2141636,16666.04,GUZZANTI,GUZZANTI GZ 338,,0,0,20,,0.0,"[0, 0, 0, 0, 0]"
7359968,27663.75,HAIER,HAIER HFR7720DWMP,,0,0,0,,0.0,"[0, 0, 0, 0, 0]"
6937728,18433.97,HAIER,HAIER HLE 172,,0,0,0,,0.0,"[0, 0, 0, 0, 0]"
6794388,22659.09,Samsung,SAMSUNG Bespoke RR39A7463AP/EF (bez panelu - konfigurovatelné),,0,0,10,,0.0,"[0, 0, 0, 0, 0]"
7333197,16280.55,LIEBHERR,LIEBHERR KGNsff 57Z03,,0,0,10,,0.0,"[0, 0, 0, 0, 0]"
7137686,27786.45,LIEBHERR,LIEBHERR RBsfe 5221,,0,0,0,,0.0,"[0, 0, 0, 0, 0]"
7665809,7951.47,HISENSE,HISENSE RB390N4AW21,3.0,2,0,20,0.5,0.0,"[1, 0, 0, 0, 1]"
6924110,6803.52,SEVERIN,SEVERIN VKS 8808,,0,0,20,,0.0,"[0, 0, 0, 0, 0]"
7359965,66326.09,HAIER,HAIER HCR7918EIMB,,0,0,0,,0.0,"[0, 0, 0, 0, 0]"
5557260,13729.16,LIEBHERR,LIEBHERR CUkw 2831,,0,0,0,,0.0,"[0, 0, 0, 0, 0]"
7333191,17956.21,LIEBHERR,LIEBHERR KGNsdd 52Z23,,0,0,10,,0.0,"[0, 0, 0, 0, 0]"
7075563,33298.10,LIEBHERR,LIEBHERR CNsdd 5753,,0,0,0,,0.0,"[0, 0, 0, 0, 0]"
7789597,24243.63,Bosch,BOSCH KGN39VXBT,,0,0,0,,0.0,"[0, 0, 0, 0, 0]"
7548199,13324.07,ROMO,ROMO RSA396W - 4-roky záruka po registraci,,0,0,10,,0.0,"[0, 0, 0, 0, 0]"
5557262,13423.04,LIEBHERR,LIEBHERR CUfb 2831,,0,0,20,,0.0,"[0, 0, 0, 0, 0]"
5842138,8665.89,SEVERIN,SEVERIN DT 8760,5.0,2,0,0,1.0,0.0,"[0, 0, 0, 0, 2]"
7852152,4547.89,SEVERIN,Severin GB 8880,,0,0,0,,0.0,"[0, 0, 0, 0, 0]"
6983602,29417.64,BEKO,BEKO GN1406231XBN,,0,0,0,,0.0,"[0, 0, 0, 0, 0]"
7789596,23579.78,Bosch,BOSCH KGN39VIBT,,0,0,0,,0.0,"[0, 0, 0, 0, 0]"
6448772,5704.87,ROMO,ROMO RTF2121W,,0,0,20,,0.0,"[0, 0, 0, 0, 0]"
7737464,5107.48,GUZZANTI,Guzzanti GZ 90B1,,0,0,0,,0.0,"[0, 0, 0, 0, 0]"
7333190,15409.78,LIEBHERR,LIEBHERR CNf 5704,,0,0,10,,0.0,"[0, 0, 0, 0, 0]"
7730386,7609.25,SNAIGE,SNAIGE FR23SM-PT000E,,0,0,20,,0.0,"[0, 0, 0, 0, 0]"
7414461,17798.87,ELECTROLUX,ELECTROLUX LNT7TF18S NoFrost,,0,0,10,,0.0,"[0, 0, 0, 0, 0]"
7433503,24990.00,GORENJE,GORENJE OBRB615DR,,0,0,0,,0.0,"[0, 0, 0, 0, 0]"
7951210,16265.06,LG,LG GBP52PYNBN,,0,0,0,,0.0,"[0, 0, 0, 0, 0]"
7386844,20547.91,SIEMENS,SIEMENS KG49N2IDF,,0,0,10,,0.0,"[0, 0, 0, 0, 0]"
7763375,18169.46,ELECTROLUX,ELECTROLUX 600 DynamicAir LRS2DE39X,,0,0,0,,0.0,"[0, 0, 0, 0, 0]"
7137683,24987.02,LIEBHERR,LIEBHERR RBe 5220,,0,0,0,,0.0,"[0, 0, 0, 0, 0]"
6926626,9990.12,SNAIGE,SNAIGE CC31SM-T100FF,,0,0,20,,0.0,"[0, 0, 0, 0, 0]"
7737472,6476.82,GUZZANTI,Guzzanti GZ 8812A,,0,0,10,,0.0,"[0, 0, 0, 0, 0]"
7075556,26675.62,LIEBHERR,LIEBHERR CNbdc 5733,,0,0,0,,0.0,"[0, 0, 0, 0, 0]"
6674557,10847.83,SNAIGE,SNAIGE FR27SM-PROC0F,,0,0,10,,0.0,"[0, 0, 0, 0, 0]"
6394000,9513.95,SNAIGE,SNAIGE FR24SM-PRDO0E,,0,0,10,,0.0,"[0, 0, 0, 0, 0]"
7789599,29345.20,Bosch,BOSCH KGN49AIBT,2.0,1,1,0,0.0,0.0,"[0, 1, 0, 0, 0]"
7439765,3990.00,GODDESS,GODDESS RME085GW8SSF,1.0,1,0,100,0.0,0.0081,"[1, 0, 0, 0, 0]"
7852074,26990.00,HAIER,HAIER HDPW5620ANPD,,0,0,0,,0.0,"[0, 0, 0, 0, 0]"
7333188,22652.01,LIEBHERR,LIEBHERR KGBNsfd 57Z33,,0,0,0,,0.0,"[0, 0, 0, 0, 0]"
7414236,36090.00,ELECTROLUX,ELECTROLUX ELT9VE52U0 NoFrost,,0,0,0,,0.0,"[0, 0, 0, 0, 0]"
5775840,67764.37,HAIER,HAIER HB26FSSAAA,,0,0,0,,0.0,"[0, 0, 0, 0, 0]"
7665818,19938.21,HISENSE,HISENSE RT641N4WFE1,,0,0,0,,0.0,"[0, 0, 0, 0, 0]"
6777421,9519.00,PHILCO,PHILCO PCS 2641 FNX,,0,0,10,,0.0,"[0, 0, 0, 0, 0]"
7414237,40890.00,AEG,AEG RMB952E6VU NoFrost,,0,0,0,,0.0,"[0, 0, 0, 0, 0]"
6937651,45435.41,LIEBHERR,LIEBHERR IRBe 5121,,0,0,0,,0.0,"[0, 0, 0, 0, 0]"
6308531,9513.95,SNAIGE,SNAIGE FR24SM-PRR50E,,0,0,10,,0.0,"[0, 0, 0, 0, 0]"
6552215,28562.47,HAIER,HAIER HSR3918FIMP,,0,0,0,,0.0,"[0, 0, 0, 0, 0]"
6937631,35824.22,LIEBHERR,LIEBHERR IRd 4151,,0,0,0,,0.0,"[0, 0, 0, 0, 0]"
6674553,59550.16,Miele,MIELE KFN 7764 D,,0,0,0,,0.0,"[0, 0, 0, 0, 0]"
7437452,4084.89,GODDESS,GODDESS RSE085GS8SSF,,0,0,20,,0.0,"[0, 0, 0, 0, 0]"
7742307,39990.00,HAIER,HAIER HCW7819EHMP,,0,0,0,,0.0,"[0, 0, 0, 0, 0]"
7624422,44046.29,Miele,MIELE KFN 4799 DDE nerez edt/cs  ,,0,0,0,,0.0,"[0, 0, 0, 0, 0]"
6674556,73012.67,Miele,MIELE KFN 7795 D,,0,0,0,,0.0,"[0, 0, 0, 0, 0]"
6788419,17077.05,SIEMENS,SIEMENS KI86NNSF0,,0,0,0,,0.0,"[0, 0, 0, 0, 0]"
7730384,8085.43,SNAIGE,SNAIGE FR23SM-PTMP0E,,0,0,10,,0.0,"[0, 0, 0, 0, 0]"
7414460,17949.38,ELECTROLUX,ELECTROLUX LNS8FF19S 500 FLEX LowFrost,,0,0,10,,0.0,"[0, 0, 0, 0, 0]"
7853703,20016.48,LIEBHERR,LIEBHERR CNd 5704,,0,0,0,,0.0,"[0, 0, 0, 0, 0]"
6937671,29627.78,LIEBHERR,LIEBHERR UIKP 1554,,0,0,0,,0.0,"[0, 0, 0, 0, 0]"
6937657,79034.89,LIEBHERR,LIEBHERR IRBdi 5180,,0,0,0,,0.0,"[0, 0, 0, 0, 0]"
6497726,20475.65,Vestfrost,VESTFROST VR-BF27952H1S,,0,0,0,,0.0,"[0, 0, 0, 0, 0]"
6836201,9797.43,WHIRLPOOL,WHIRPOOL WFNF 81E OX 1,,0,0,0,,0.0,"[0, 0, 0, 0, 0]"
7852723,15508.68,HISENSE,HISENSE RS711N4WCE,,0,0,0,,0.0,"[0, 0, 0, 0, 0]"
7134805,23179.95,LIEBHERR,LIEBHERR CNsfd 5224,,0,0,0,,0.0,"[0, 0, 0, 0, 0]"
6926627,10847.24,SNAIGE,SNAIGE CC31SM-T1CBFF,,0,0,10,,0.0,"[0, 0, 0, 0, 0]"
4364154,10924.17,PHILCO,PHILCO PC 17832 Bi,,0,0,0,,0.0,"[0, 0, 0, 0, 0]"
7169429,11531.80,HOOVER,HOOVER HOCE4T618EX,,0,0,0,,0.0,"[0, 0, 0, 0, 0]"
7455794,15423.68,LIEBHERR,LIEBHERR Rf 4600,,0,0,0,,0.0,"[0, 0, 0, 0, 0]"
6674541,21720.87,Miele,MIELE K 7114 E,,0,0,0,,0.0,"[0, 0, 0, 0, 0]"
6928195,9513.95,SNAIGE,SNAIGE RF27SM-P0CB2E,,0,0,0,,0.0,"[0, 0, 0, 0, 0]"
7548197,17133.67,Kluge,Kluge KCP268N - 4 roky záruka po registraci,,0,0,0,,0.0,"[0, 0, 0, 0, 0]"
7852717,18052.53,HISENSE,HISENSE RS711N4WCD,,0,0,0,,0.0,"[0, 0, 0, 0, 0]"
6937644,36845.29,LIEBHERR,LIEBHERR IRBd 4521,,0,0,0,,0.0,"[0, 0, 0, 0, 0]"
6937626,19842.14,LIEBHERR,LIEBHERR IRe 3920,,0,0,0,,0.0,"[0, 0, 0, 0, 0]"
7951209,35431.17,LG,LG GSGV80PYLD,,0,0,0,,0.0,"[0, 0, 0, 0, 0]"
6216046,61896.47,HITACHI,HITACHI R-WB640VRU0-GBK,,0,0,0,,0.0,"[0, 0, 0, 0, 0]"
7853706,21476.32,LIEBHERR,LIEBHERR KGNsdc 52Z03,,0,0,0,,0.0,"[0, 0, 0, 0, 0]"
5673288,26903.81,Concept,CONCEPT LA7791ss SINFONIA,,0,0,10,,0.0,"[0, 0, 0, 0, 0]"
7999738,40736.78,HISENSE,HISENSE RQ760N4SBFE,,0,0,0,,0.0,"[0, 0, 0, 0, 0]"
7853704,19043.39,LIEBHERR,LIEBHERR CNd 5204,,0,0,0,,0.0,"[0, 0, 0, 0, 0]"
7134802,20045.96,LIEBHERR,LIEBHERR CNsfd 5233,,0,0,0,,0.0,"[0, 0, 0, 0, 0]"
7079081,60338.21,LIEBHERR,LIEBHERR SBNsdd 5264,,0,0,0,,0.0,"[0, 0, 0, 0, 0]"
7075551,38572.60,LIEBHERR,LIEBHERR CBNsdc 5753,,0,0,0,,0.0,"[0, 0, 0, 0, 0]"
7075550,63029.75,LIEBHERR,LIEBHERR CBNstd 579i,,0,0,0,,0.0,"[0, 0, 0, 0, 0]"
6937653,77707.29,LIEBHERR,LIEBHERR IRBdi 5171,,0,0,0,,0.0,"[0, 0, 0, 0, 0]"
7137696,19104.12,Toshiba,TOSHIBA GR-RF610WE-PMS(06),,0,0,0,,0.0,"[0, 0, 0, 0, 0]"
7853705,16733.47,LIEBHERR,LIEBHERR KGNd 57Z03,,0,0,0,,0.0,"[0, 0, 0, 0, 0]"
6469014,55557.32,LIEBHERR,LIEBHERR SKBes 4380,,0,0,0,,0.0,"[0, 0, 0, 0, 0]"
7917927,34860.26,LG,LG GSLV91MCAC,,0,0,0,,0.0,"[0, 0, 0, 0, 0]"
7522534,9038.28,CANDY,CANDY CRU 160 NE/N,,0,0,0,,0.0,"[0, 0, 0, 0, 0]"
7763371,24839.11,AEG,AEG 8000 Cooling 360 RCB736D7MB,,0,0,0,,0.0,"[0, 0, 0, 0, 0]"
7853702,19647.27,LIEBHERR,LIEBHERR CNsfd 5704,,0,0,0,,0.0,"[0, 0, 0, 0, 0]"
7333187,21424.80,LIEBHERR,LIEBHERR KGBNsfd 52Z23,,0,0,0,,0.0,"[0, 0, 0, 0, 0]"
6937658,54344.79,LIEBHERR,LIEBHERR ICNdi 5153,,0,0,0,,0.0,"[0, 0, 0, 0, 0]"
8022313,22848.08,ROMO,ROMO RCN2511LD,,0,0,0,,0.0,"[0, 0, 0, 0, 0]"
7415643,16181.27,BRANDT,BRANDT BFL862YNW,,0,0,0,,0.0,"[0, 0, 0, 0, 0]"
6937663,55293.81,LIEBHERR,LIEBHERR SICNd 5153,,0,0,0,,0.0,"[0, 0, 0, 0, 0]"
6924120,20951.84,SEVERIN,SEVERIN RKG 8929,,0,0,0,,0.0,"[0, 0, 0, 0, 0]"
8008642,29860.20,Bosch,BOSCH KBN96VFE0,,0,0,0,,0.0,"[0, 0, 0, 0, 0]"
7763383,15470.25,ELECTROLUX,ELECTROLUX 600 TwinTech LNC7ME32W3,,0,0,0,,0.0,"[0, 0, 0, 0, 0]"
7333189,13918.15,LIEBHERR,LIEBHERR KGNf 52Z03,,0,0,0,,0.0,"[0, 0, 0, 0, 0]"
7134800,20608.96,LIEBHERR,LIEBHERR CNsfd 5223,,0,0,0,,0.0,"[0, 0, 0, 0, 0]"
7844045,7609.25,SNAIGE,SNAIGE RF23SM-PT002E,,0,0,0,,0.0,"[0, 0, 0, 0, 0]"
6928191,9513.95,SNAIGE,SNAIGE RF32SM-S0002F,,0,0,0,,0.0,"[0, 0, 0, 0, 0]"
7871955,17311.32,HAIER,HAIER HBW5518E,,0,0,0,,0.0,"[0, 0, 0, 0, 0]"
7747100,12947.16,LORD,LORD R4,,0,0,0,,0.0,"[0, 0, 0, 0, 0]"
6448521,10466.87,ROMO,ROMO RCS2288W,,0,0,0,,0.0,"[0, 0, 0, 0, 0]"
6924119,20951.84,SEVERIN,SEVERIN RKG 8928,,0,0,0,,0.0,"[0, 0, 0, 0, 0]"
7938474,10332.98,GUZZANTI,GUZZANTI GZ 340A,,0,0,0,,0.0,"[0, 0, 0, 0, 0]"
7806885,28562.47,Kluge,KLUGE KCSN513X - 4 roky záruka po registraci,,0,0,0,,0.0,"[0, 0, 0, 0, 0]"
7625813,13490.00,PHILCO,PHILCO PCN 17742 EBI,,0,0,0,,0.0,"[0, 0, 0, 0, 0]"
7548203,12371.68,ROMO,ROMO RCNS270LX - 4 roky záruka po registraci,,0,0,0,,0.0,"[0, 0, 0, 0, 0]"
7742311,40195.66,HAIER,HAIER HCR5919EHMP,,0,0,0,,0.0,"[0, 0, 0, 0, 0]"
6977954,5689.00,Klarstein,KLARSTEIN CoolArt,,0,0,0,,0.0,"[0, 0, 0, 0, 0]"
7864320,6657.28,ROMO,Romo RCS2207W,,0,0,0,,0.0,"[0, 0, 0, 0, 0]"
6852413,15352.59,LORD,LORD R1,,0,0,0,,0.0,"[0, 0, 0, 0, 0]"
7763373,17990.00,AEG,AEG 6000 TwinTech RCB636E8MW,,0,0,0,,0.0,"[0, 0, 0, 0, 0]"
7547090,11990.00,CANDY,CANDY CCE4T618DX Fresco,,0,0,0,,0.0,"[0, 0, 0, 0, 0]"
7853711,14580.29,LIEBHERR,LIEBHERR Ksl 2834,,0,0,0,,0.0,"[0, 0, 0, 0, 0]"
6150460,25998.90,LORD,LORD C11,,0,0,0,,0.0,"[0, 0, 0, 0, 0]"
7624413,30063.42,Miele,MIELE KDN 7724 E Active,,0,0,0,,0.0,"[0, 0, 0, 0, 0]"
7844043,8561.60,SNAIGE,SNAIGE RF26SM-PT002E,,0,0,0,,0.0,"[0, 0, 0, 0, 0]"
7888806,10467.00,BEKO,BEKO Beyond B5RCNA365HG,,0,0,0,,0.0,"[0, 0, 0, 0, 0]"
7404882,13077.27,HAIER,HAIER HDW1620DNPD,,0,0,0,,0.0,"[0, 0, 0, 0, 0]"
7852716,20742.43,HISENSE,HISENSE RQ563N4SI2,,0,0,0,,0.0,"[0, 0, 0, 0, 0]"
6937674,29450.78,LIEBHERR,LIEBHERR UIKP 1550,,0,0,0,,0.0,"[0, 0, 0, 0, 0]"
6937637,37245.48,LIEBHERR,LIEBHERR IRDe 5121,,0,0,0,,0.0,"[0, 0, 0, 0, 0]"
6468982,34518.63,LIEBHERR,LIEBHERR CBNef 4835,,0,0,0,,0.0,"[0, 0, 0, 0, 0]"
7761154,21290.00,Samsung,SAMSUNG Bespoke RB38C7B6D12/EF ,,0,0,0,,0.0,"[0, 0, 0, 0, 0]"
7896473,3808.65,SEVERIN,Severin KB 8879 ,,0,0,0,,0.0,"[0, 0, 0, 0, 0]"
7455792,16032.06,LIEBHERR,LIEBHERR Rsff 4600,,0,0,0,,0.0,"[0, 0, 0, 0, 0]"
6448509,6665.85,Orava,ORAVA RGO-261,,0,0,0,,0.0,"[0, 0, 0, 0, 0]"
7730385,6466.43,SNAIGE,SNAIGE FR22SM-PT000E,,0,0,0,,0.0,"[0, 0, 0, 0, 0]"
7548192,11419.28,ROMO,ROMO RCNS270LW - 4 roky záruka po registraci,,0,0,0,,0.0,"[0, 0, 0, 0, 0]"
6937629,31949.71,LIEBHERR,LIEBHERR IRe 4021,,0,0,0,,0.0,"[0, 0, 0, 0, 0]"
6862166,8271.39,LORD,LORD L1,,0,0,0,,0.0,"[0, 0, 0, 0, 0]"
7852150,5237.25,SEVERIN,Severin VKS 8842 ,,0,0,0,,0.0,"[0, 0, 0, 0, 0]"
6497705,13696.29,Vestfrost,VESTFROST VR-FB373-2H0I,,0,0,0,,0.0,"[0, 0, 0, 0, 0]"
7137684,25624.92,LIEBHERR,LIEBHERR RBe 5221,,0,0,0,,0.0,"[0, 0, 0, 0, 0]"
7079083,29683.74,LIEBHERR,LIEBHERR SRBsfe 5220,,0,0,0,,0.0,"[0, 0, 0, 0, 0]"
6937636,33092.88,LIEBHERR,LIEBHERR IRBd 4050,,0,0,0,,0.0,"[0, 0, 0, 0, 0]"
6926629,14275.68,SNAIGE,SNAIGE CC35DM-P6CBFD,,0,0,0,,0.0,"[0, 0, 0, 0, 0]"
7763372,19390.04,AEG,AEG 8000 Cooling 360 RCB732E7MX,,0,0,0,,0.0,"[0, 0, 0, 0, 0]"
7763370,20274.37,AEG,AEG 8000 Cooling 360 RCB736E7MX,,0,0,0,,0.0,"[0, 0, 0, 0, 0]"
7763385,23914.26,ELECTROLUX,ELECTROLUX 800 Cooling 360 LNT7ME36K2,,0,0,0,,0.0,"[0, 0, 0, 0, 0]"
5842121,18466.08,AEG,AEG Mastery RCB636E4MX,,0,0,0,,0.0,"[0, 0, 0, 0, 0]"
6777422,10973.42,PHILCO,PHILCO PCD 3241 FNF,,0,0,0,,0.0,"[0, 0, 0, 0, 0]"
7852097,7618.24,SEVERIN,Severin TKS 8846 ,,0,0,0,,0.0,"[0, 0, 0, 0, 0]"
6924118,20951.84,SEVERIN,SEVERIN RKG 8927,,0,0,0,,0.0,"[0, 0, 0, 0, 0]"
7548190,11419.28,ROMO,ROMO RCE341W - 4 roky záruka po registraci,,0,0,0,,0.0,"[0, 0, 0, 0, 0]"
5842127,15990.00,ELECTROLUX,ELECTROLUX LNT5MF36W0,1.0,1,1,0,0.0,0.0,"[1, 0, 0, 0, 0]"
8014511,11379.07,HISENSE,HISENSE RB395N4BFE,,0,0,0,,0.0,"[0, 0, 0, 0, 0]"
7455790,17962.01,LIEBHERR,LIEBHERR Rf 5000,,0,0,0,,0.0,"[0, 0, 0, 0, 0]"
7761160,21290.00,Samsung,SAMSUNG Bespoke RB38C7B6D22/EF ,,0,0,0,,0.0,"[0, 0, 0, 0, 0]"
7745785,8561.60,SNAIGE,SNAIGE C29SM-T1002F,,0,0,0,,0.0,"[0, 0, 0, 0, 0]"
4364155,7847.79,PHILCO,PHILCO PTL 12232 BI,,0,0,0,,0.0,"[0, 0, 0, 0, 0]"
7333195,14934.80,LIEBHERR,LIEBHERR KGNsff 52Z04,,0,0,0,,0.0,"[0, 0, 0, 0, 0]"
6524134,4665.81,CHiQ,CHiQ FCF142D,,0,0,0,,0.0,"[0, 0, 0, 0, 0]"
8014510,11379.07,HISENSE,HISENSE RB395N4BCE,,0,0,0,,0.0,"[0, 0, 0, 0, 0]"
7290724,14590.13,HOOVER,HOOVER HOCE7T618DW,,0,0,0,,0.0,"[0, 0, 0, 0, 0]"
6448523,8562.07,ROMO,ROMO RCS2232W,,0,0,0,,0.0,"[0, 0, 0, 0, 0]"
7852153,3808.65,SEVERIN,Severin GB 8883 ,,0,0,0,,0.0,"[0, 0, 0, 0, 0]"
6497708,15162.59,Vestfrost,VESTFROST VR-FB383-2H0H,,0,0,0,,0.0,"[0, 0, 0, 0, 0]"
7844042,9513.95,SNAIGE,SNAIGE RF29SM-PTMP2E,,0,0,0,,0.0,"[0, 0, 0, 0, 0]"
6928190,9990.12,SNAIGE,SNAIGE RF35SM-S0002F,,0,0,0,,0.0,"[0, 0, 0, 0, 0]"
6393993,10276.40,SNAIGE,SNAIGE RF56SM-S5JJ2F,,0,0,10,,0.0,"[0, 0, 0, 0, 0]"
7193770,10276.40,SNAIGE,SNAIGE RF56SM-S5DV2F,,0,0,0,,0.0,"[0, 0, 0, 0, 0]"
6926624,9323.47,SNAIGE,SNAIGE CC29SM-T100FF,,0,0,0,,0.0,"[0, 0, 0, 0, 0]"
6727925,14818.87,WHIRLPOOL,WHIRLPOOL WHC18 T573,4.1,12,9,200,0.75,0.009,"[1, 0, 2, 3, 6]"
7871114,20576.05,LG,LG GBB92STABP,4.5,6,3,100,0.83,0.0,"[0, 0, 1, 1, 4]"
8051373,17932.20,Samsung,SAMSUNG RB38T607BS9/EF ,4.7,14,5,20,0.93,0.029,"[0, 0, 1, 3, 10]"
8597242,14421.99,ELECTROLUX,ELECTROLUX LRB3DE18S,5.0,2,1,100,1.0,0.0,"[0, 0, 0, 0, 2]"
7866289,15592.06,Bosch,BOSCH KGN397WCT,4.5,4,0,100,1.0,0.0094,"[0, 0, 0, 2, 2]"
7136781,12593.68,WHIRLPOOL,WHIRLPOOL WHC20 T352,3.0,3,3,50,0.67,0.0032,"[1, 0, 0, 2, 0]"
7920436,17190.47,AEG,AEG Mastery RCB736D5MB,,0,0,20,,0.0213,"[0, 0, 0, 0, 0]"
7935275,13790.37,AEG,AEG Mastery RCB736E5MX,5.0,1,1,20,1.0,0.0192,"[0, 0, 0, 0, 1]"
8133719,11061.82,Vestfrost,VESTFROST VR-BB27612H1S,5.0,1,0,10,1.0,0.0,"[0, 0, 0, 0, 1]"
8435302,15325.86,AEG,AEG Mastery CustomFlex SCE618E5TS,3.0,3,2,10,0.67,0.0,"[1, 0, 0, 2, 0]"
8072739,73081.16,HISENSE,HISENSE RQ760N4IFE,,0,0,0,,0.0,"[0, 0, 0, 0, 0]"
8550639,0.00,LIEBHERR,LIEBHERR SWTNes 4285,,0,0,0,,0.0,"[0, 0, 0, 0, 0]"
8133109,26920.06,Bosch,BOSCH KGN392LAF,,0,0,0,,0.0,"[0, 0, 0, 0, 0]"
8574146,19493.10,ELECTROLUX,ELECTROLUX ECB7TE70S NoFrost,,0,0,20,,0.0,"[0, 0, 0, 0, 0]"
7767283,34311.97,LIEBHERR,LIEBHERR ICBdi 5122,,0,0,10,,0.0,"[0, 0, 0, 0, 0]"
6557202,15046.35,WHIRLPOOL,WHIRLPOOL SP40 801 EU 1,1.2,5,3,100,0.0,0.0232,"[4, 1, 0, 0, 0]"
8134045,40567.59,Bosch,BOSCH KAD93ABEP,,0,0,0,,0.0,"[0, 0, 0, 0, 0]"
7962437,33850.81,ELECTROLUX,ELECTROLUX 900 MultiChill ENV9MC18S,,0,0,0,,0.0,"[0, 0, 0, 0, 0]"
7999733,27630.01,HISENSE,HISENSE RF749N4SWSE,,0,0,0,,0.0,"[0, 0, 0, 0, 0]"
7962436,27546.42,AEG,AEG 8000 Cooling 360 RCB836C5MX,,0,0,0,,0.0,"[0, 0, 0, 0, 0]"
7942294,11963.27,AEG,AEG SCB819F8FS LowFrost,1.0,1,1,10,0.0,0.0,"[1, 0, 0, 0, 0]"
8134047,15345.79,Bosch,BOSCH KIL42VFE0,,0,0,0,,0.0,"[0, 0, 0, 0, 0]"
8134046,21311.54,Bosch,BOSCH KIR81VFE0,,0,0,0,,0.0,"[0, 0, 0, 0, 0]"
7931011,17542.58,ELECTROLUX,ELECTROLUX 800 Cooling 360 LNT7ME36X3,,0,0,0,,0.0,"[0, 0, 0, 0, 0]"
7999737,30450.59,HISENSE,HISENSE RS818N4TIC,,0,0,0,,0.0,"[0, 0, 0, 0, 0]"
7999736,30450.59,HISENSE,HISENSE RS818N4TFC,,0,0,0,,0.0,"[0, 0, 0, 0, 0]"
7867927,19102.27,LIEBHERR,LIEBHERR CNd 5734,,0,0,10,,0.0,"[0, 0, 0, 0, 0]"
8008644,16772.52,SIEMENS,SIEMENS KI86VNSE0,,0,0,0,,0.0,"[0, 0, 0, 0, 0]"
8073412,6990.00,ROMO,ROMO RDD204W ,,0,0,0,,0.0,"[0, 0, 0, 0, 0]"
8008650,17507.19,Bosch,BOSCH KIN86NSE0,,0,0,0,,0.0,"[0, 0, 0, 0, 0]"
8006524,22880.89,Bosch,BOSCH KIN96NSE0,,0,0,0,,0.0,"[0, 0, 0, 0, 0]"
7176000,16990.00,FAGOR,FAGOR 3FFK-6745X,,0,0,0,,0.0,"[0, 0, 0, 0, 0]"
8550770,17606.57,HISENSE,HISENSE RB424N4CIB,,0,0,0,,0.0,"[0, 0, 0, 0, 0]"
6937641,55565.79,LIEBHERR,LIEBHERR IRBb 4170,,0,0,0,,0.0,"[0, 0, 0, 0, 0]"
8022314,21895.68,ROMO,ROMO RCN2511LX,,0,0,0,,0.0,"[0, 0, 0, 0, 0]"
8076933,3005.59,GUZZANTI,GUZZANTI GZ 06B1,,0,0,0,,0.0,"[0, 0, 0, 0, 0]"
8076932,2665.76,GUZZANTI,GUZZANTI GZ 05A1,,0,0,0,,0.0,"[0, 0, 0, 0, 0]"
8550769,10341.77,HISENSE,HISENSE RB395N4DCD,,0,0,0,,0.0,"[0, 0, 0, 0, 0]"
7761158,21290.00,Samsung,SAMSUNG Bespoke RB38C7B6DCE/EF  ,,0,0,0,,0.0,"[0, 0, 0, 0, 0]"
7486466,17698.67,SIEMENS,SIEMENS KI86NVSE0,2.0,1,1,20,0.0,0.0,"[0, 1, 0, 0, 0]"
7844047,8085.43,SNAIGE,SNAIGE RF23SM-PTMP2E,,0,0,0,,0.0,"[0, 0, 0, 0, 0]"
7844046,8561.60,SNAIGE,SNAIGE RF29SM-PT002E,,0,0,0,,0.0,"[0, 0, 0, 0, 0]"
7852151,4761.05,SEVERIN,Severin GB 8881,,0,0,0,,0.0,"[0, 0, 0, 0, 0]"
7951222,25243.78,AEG,AEG 6000 Twintech+ TSC6M181ES,,0,0,0,,0.0,"[0, 0, 0, 0, 0]"
8008645,18786.33,SIEMENS,SIEMENS KI86NNSE0,,0,0,0,,0.0,"[0, 0, 0, 0, 0]"
7804567,28211.15,SIEMENS,SIEMENS KI86SADD0,,0,0,20,,0.0,"[0, 0, 0, 0, 0]"
7920617,32200.25,HAIER,HAIER HSW79F18CIMM,,0,0,0,,0.0,"[0, 0, 0, 0, 0]"
8014936,11990.00,HISENSE,HISENSE RB395N4BWE,,0,0,10,,0.0,"[0, 0, 0, 0, 0]"
7695107,0.00,LIEBHERR,LIEBHERR CBNsdb 5753,,0,0,10,,0.0,"[0, 0, 0, 0, 0]"
7714103,42502.46,LIEBHERR,LIEBHERR CBNbsa 5753,1.0,1,0,0,0.0,0.0,"[1, 0, 0, 0, 0]"
7671662,0.00,LIEBHERR,LIEBHERR CBNsdb 5753,,0,0,10,,0.0,"[0, 0, 0, 0, 0]"
6862159,25271.29,LORD,LORD C12,,0,0,0,,0.0,"[0, 0, 0, 0, 0]"
7624419,36762.28,Miele,MIELE KFN 4795 CD blacksteel,,0,0,0,,0.0,"[0, 0, 0, 0, 0]"
8083213,8475.41,Orava,Orava RGO-254,,0,0,0,,0.0,"[0, 0, 0, 0, 0]"
8574169,14189.67,PHILCO,PHILCO PXI 3652 X,,0,0,20,,0.0,"[0, 0, 0, 0, 0]"
6497734,29999.65,Vestfrost,VESTFROST VR-FB373-2E1BU,,0,0,0,,0.0,"[0, 0, 0, 0, 0]"
6497721,29999.65,Vestfrost,VESTFROST VR-FB373-2E1RD,,0,0,0,,0.0,"[0, 0, 0, 0, 0]"
7962438,21158.06,ELECTROLUX,ELECTROLUX 600 TwinTech ENT6ME18S,,0,0,0,,0.0,"[0, 0, 0, 0, 0]"
7852715,28613.04,HISENSE,HISENSE RQ563N4SF2,,0,0,0,,0.0,"[0, 0, 0, 0, 0]"
7650381,17990.00,HOOVER,HOOVER HOCE7620CX,,0,0,0,,0.0,"[0, 0, 0, 0, 0]"
7806889,14990.00,Kluge,KLUGE KCN4326X - 4 roky záruka po registraci,,0,0,0,,0.0,"[0, 0, 0, 0, 0]"
8010388,58092.10,LIEBHERR,LIEBHERR ICBb 5152,,0,0,0,,0.0,"[0, 0, 0, 0, 0]"
7625851,35092.42,LIEBHERR,LIEBHERR ICNd 5123,,0,0,10,,0.0,"[0, 0, 0, 0, 0]"
8069810,35871.66,Samsung,SAMSUNG RH68B8541B1/EF,,0,0,10,,0.0,"[0, 0, 0, 0, 0]"
6497725,29999.65,Vestfrost,VESTFROST VR-FB373-2E0BM,,0,0,0,,0.0,"[0, 0, 0, 0, 0]"
7623693,13770.64,CANDY,CANDY CCE4T620DX Fresco,,0,0,0,,0.0,"[0, 0, 0, 0, 0]"
7623690,12290.16,CANDY,CANDY CCE3T620ES Fresco,,0,0,0,,0.0,"[0, 0, 0, 0, 0]"
7763379,17956.19,ELECTROLUX,ELECTROLUX 600 TwinTech LNC7ME32X3,,0,0,0,,0.0,"[0, 0, 0, 0, 0]"
7968519,29954.76,ELECTROLUX,ELECTROLUX ELT9VE52U0 NoFrost,,0,0,0,,0.0,"[0, 0, 0, 0, 0]"
7938473,11427.85,GUZZANTI,GUZZANTI GZ 8825,,0,0,0,,0.0,"[0, 0, 0, 0, 0]"
7781688,19293.01,HAIER,HAIER HDW5620CNPW,,0,0,0,,0.0,"[0, 0, 0, 0, 0]"
7781687,18473.48,HAIER,HAIER HDW1620CNPD,,0,0,0,,0.0,"[0, 0, 0, 0, 0]"
7806888,19038.48,BRANDT,BRANDT BFC2069NX - 4 roky záruka po registraci,,0,0,0,,0.0,"[0, 0, 0, 0, 0]"
7806887,19038.48,ROMO,ROMO RCNF320D - 4 roky záruka po registraci,,0,0,0,,0.0,"[0, 0, 0, 0, 0]"
7137689,57348.31,LIEBHERR,LIEBHERR SRBbsd 529i,,0,0,0,,0.0,"[0, 0, 0, 0, 0]"
6937672,36845.29,LIEBHERR,LIEBHERR SUIB 1550,,0,0,0,,0.0,"[0, 0, 0, 0, 0]"
6937649,62234.54,LIEBHERR,LIEBHERR IRBe 4851,,0,0,0,,0.0,"[0, 0, 0, 0, 0]"
7624414,19918.03,Miele,MIELE KDN 4174 E nerezový vzhled,,0,0,0,,0.0,"[0, 0, 0, 0, 0]"
7761157,24328.05,Samsung,SAMSUNG Bespoke RB38C7B6DB1/EF  ,,0,0,0,,0.0,"[0, 0, 0, 0, 0]"
8550636,0.00,Samsung,SAMSUNG BESPOKE RB38A7B6DCS/EF,,0,0,0,,0.0,"[0, 0, 0, 0, 0]"
7844044,8847.30,SNAIGE,SNAIGE RF26SM-PTMP2E,,0,0,0,,0.0,"[0, 0, 0, 0, 0]"
7743988,47607.81,SNAIGE,SNAIGE MD40DD-P300ME,,0,0,0,,0.0,"[0, 0, 0, 0, 0]"
6497722,29999.65,Vestfrost,VESTFROST VR-FB373-2E1BG,,0,0,0,,0.0,"[0, 0, 0, 0, 0]"
7548198,11895.47,ROMO,ROMO RCE341X - 4 roky záruka po registraci,,0,0,0,,0.0,"[0, 0, 0, 0, 0]"
7763388,24059.91,ELECTROLUX,ELECTROLUX 800 Cooling 360 LNT7ME36G2,,0,0,0,,0.0,"[0, 0, 0, 0, 0]"
4364156,9378.31,PHILCO,PHILCO PTB 12232 Bi,,0,0,0,,0.0,"[0, 0, 0, 0, 0]"
7175997,15590.00,FAGOR,FAGOR 3FFK-6745,,0,0,0,,0.0,"[0, 0, 0, 0, 0]"
7665817,42250.57,HISENSE,HISENSE RQ760N4AIE,,0,0,0,,0.0,"[0, 0, 0, 0, 0]"
7806882,16990.00,ROMO,ROMO RCN4347X - 4 roky záruka po registraci,,0,0,0,,0.0,"[0, 0, 0, 0, 0]"
7853710,18554.89,LIEBHERR,LIEBHERR CNsfd 5204,,0,0,0,,0.0,"[0, 0, 0, 0, 0]"
6937654,29450.78,LIEBHERR,LIEBHERR ICTS 2231,,0,0,0,,0.0,"[0, 0, 0, 0, 0]"
6937648,62649.79,LIEBHERR,LIEBHERR IRBd 4571,,0,0,0,,0.0,"[0, 0, 0, 0, 0]"
6937646,51923.79,LIEBHERR,LIEBHERR IRBd 4551,,0,0,0,,0.0,"[0, 0, 0, 0, 0]"
6937645,51758.06,LIEBHERR,LIEBHERR IRBd 4550,,0,0,0,,0.0,"[0, 0, 0, 0, 0]"
6937635,28850.79,LIEBHERR,LIEBHERR IRBd 4020,,0,0,0,,0.0,"[0, 0, 0, 0, 0]"
7445477,0.00,LIEBHERR,LIEBHERR SKBes 4380,,0,0,0,,0.0,"[0, 0, 0, 0, 0]"
7677278,13251.92,LIEBHERR,LIEBHERR Rf 4600,,0,0,0,,0.0,"[0, 0, 0, 0, 0]"
6862164,14651.31,LORD,LORD C17,,0,0,0,,0.0,"[0, 0, 0, 0, 0]"
6674552,48780.17,Miele,MIELE KFN 7744 E,,0,0,0,,0.0,"[0, 0, 0, 0, 0]"
6228170,6189.65,Orava,ORAVA RGO-105 FW,,0,0,0,,0.0,"[0, 0, 0, 0, 0]"
6777419,11518.06,PHILCO,PHILCO PCD 3242 ENFX,,0,0,0,,0.0,"[0, 0, 0, 0, 0]"
6497724,29999.65,Vestfrost,VESTFROST VR-FB373-2E1BR,,0,0,0,,0.0,"[0, 0, 0, 0, 0]"
7548191,15228.88,ROMO,ROMO RCN295LX - 4 roky záruka po registraci,,0,0,0,,0.0,"[0, 0, 0, 0, 0]"
7951168,15237.44,GUZZANTI,GUZZANTI GZ 256A,,0,0,0,,0.0,"[0, 0, 0, 0, 0]"
6216047,61896.47,HITACHI,HITACHI R-WB640VRU0-GMG,,0,0,0,,0.0,"[0, 0, 0, 0, 0]"
7806884,12371.68,ROMO,ROMO RCN2293X - 4roky záruka po registraci,,0,0,0,,0.0,"[0, 0, 0, 0, 0]"
7806880,16657.48,ROMO,ROMO RCN4347D - 4 roky záruka po registraci,,0,0,0,,0.0,"[0, 0, 0, 0, 0]"
7075543,53792.32,LIEBHERR,LIEBHERR CBNbsd 578i,,0,0,0,,0.0,"[0, 0, 0, 0, 0]"
6937670,45950.29,LIEBHERR,LIEBHERR UIKo 1560,,0,0,0,,0.0,"[0, 0, 0, 0, 0]"
6937652,61739.29,LIEBHERR,LIEBHERR IRBd 4570,,0,0,0,,0.0,"[0, 0, 0, 0, 0]"
6937640,43018.79,LIEBHERR,LIEBHERR IRBd 4151,,0,0,0,,0.0,"[0, 0, 0, 0, 0]"
6937638,35024.29,LIEBHERR,LIEBHERR IRBd 4121,,0,0,0,,0.0,"[0, 0, 0, 0, 0]"
7624417,39493.78,Miele,MIELE KFN 4777 CD nerez edt/cs  ,,0,0,0,,0.0,"[0, 0, 0, 0, 0]"
8083211,12570.73,Orava,Orava RGO-270,,0,0,0,,0.0,"[0, 0, 0, 0, 0]"
8601161,10522.16,PHILCO,PHILCO PCN 17742 EBI,,0,0,0,,0.0,"[0, 0, 0, 0, 0]"
7140446,18086.07,ROMO,ROMO RCN3341LD,,0,0,0,,0.0,"[0, 0, 0, 0, 0]"
7548196,14276.48,ROMO,ROMO RCN295LW - 4 roky záruka po registraci,,0,0,0,,0.0,"[0, 0, 0, 0, 0]"
7670399,20943.27,Kluge,Kluge KCFN320BG,,0,0,0,,0.0,"[0, 0, 0, 0, 0]"
7792027,14111.24,HAIER,HAIER HDW3618DNPW,,0,0,0,,0.0,"[0, 0, 0, 0, 0]"
7806881,15228.88,ROMO,ROMO RCN4347W - 4 roky záruka po registraci,,0,0,0,,0.0,"[0, 0, 0, 0, 0]"
7075549,53792.32,LIEBHERR,LIEBHERR CBNstd 578i,,0,0,0,,0.0,"[0, 0, 0, 0, 0]"
6937673,40268.27,LIEBHERR,LIEBHERR UIKo 1550,,0,0,0,,0.0,"[0, 0, 0, 0, 0]"
6937660,42108.29,LIEBHERR,LIEBHERR IRCf 5121,,0,0,0,,0.0,"[0, 0, 0, 0, 0]"
6937647,56476.29,LIEBHERR,LIEBHERR IRBd 4171,,0,0,0,,0.0,"[0, 0, 0, 0, 0]"
6937630,28260.97,LIEBHERR,LIEBHERR IRe 4020,,0,0,0,,0.0,"[0, 0, 0, 0, 0]"
6674555,65832.68,Miele,MIELE KFN 7774 D,,0,0,0,,0.0,"[0, 0, 0, 0, 0]"
6926630,18085.07,SNAIGE,SNAIGE CC48DM-P600FD,,0,0,0,,0.0,"[0, 0, 0, 0, 0]"
6862165,15399.42,LORD,LORD C18,,0,0,0,,0.0,"[0, 0, 0, 0, 0]"
7624411,17183.53,Miele,MIELE KD 4072 E Active nerezový vzhled,,0,0,0,,0.0,"[0, 0, 0, 0, 0]"
7762984,25489.86,BEKO,BEKO GNE60531XBRN,,0,0,0,,0.0,"[0, 0, 0, 0, 0]"
5658845,2237.29,LIEBHERR,Spořící přepážka k LIEBHERR GN 3023,,0,0,0,,0.0,"[0, 0, 0, 0, 0]"
6320632,16243.04,AEG,AEG Mastery FlexiShelf SCE818D3LC,5.0,3,0,50,1.0,0.0227,"[0, 0, 0, 0, 3]"
6470821,26680.50,Bosch,BOSCH KGF39PIDP,,0,0,20,,0.0,"[0, 0, 0, 0, 0]"
7815438,23299.20,Concept,CONCEPT LK6660SS SINFONIA,,0,0,0,,0.0,"[0, 0, 0, 0, 0]"
7510949,34390.62,Concept,CONCEPT LA8990ss SINFONIA,,0,0,20,,0.0,"[0, 0, 0, 0, 0]"
7670400,20943.27,Grundig,Grungig GKNI25940N,,0,0,0,,0.0,"[0, 0, 0, 0, 0]"
7655721,0.00,ELECTROLUX,ELECTROLUX LNT7ME34X2,5.0,1,1,20,1.0,0.0182,"[0, 0, 0, 0, 1]"
7066725,0.00,HAIER,HAIER C3FE837CGJ,5.0,2,2,100,1.0,0.0069,"[0, 0, 0, 0, 2]"
7850120,12690.48,HISENSE,HISENSE RB440N4GBE,,0,0,20,,0.0,"[0, 0, 0, 0, 0]"
7245245,11553.08,MIDEA,MIDEA MDRB438FGE28,5.0,5,3,100,1.0,0.0,"[0, 0, 0, 0, 5]"
8550637,13475.77,Samsung,SAMSUNG BESPOKE RB38A7B6DCE/EF,,0,0,0,,0.0,"[0, 0, 0, 0, 0]"
5814843,15990.00,HISENSE,HISENSE RQ515N4AC2,4.7,17,13,500,0.94,0.0044,"[0, 0, 1, 3, 13]"
6928139,19214.50,GORENJE,GORENJE ONRK619DC,3.5,2,1,50,0.5,0.0244,"[0, 1, 0, 0, 1]"
6928144,8003.36,GORENJE,GORENJE RBIU609FA1,4.7,3,2,200,1.0,0.0,"[0, 0, 0, 1, 2]"
5455175,26990.00,WHIRLPOOL,WHIRLPOOL WQ9 E1L,5.0,2,1,200,1.0,0.0076,"[0, 0, 0, 0, 2]"
7591202,9990.00,HISENSE,HISENSE RB390N4BF20,5.0,1,0,50,1.0,0.0,"[0, 0, 0, 0, 1]"
6093610,24890.00,AEG,AEG Mastery SKE818E9ZC,3.0,2,0,50,0.5,0.0,"[1, 0, 0, 0, 1]"
6684610,9989.00,ETA,ETA 253890020E Storio retro,3.7,6,1,50,0.5,0.0286,"[1, 0, 2, 0, 3]"
6447169,18489.73,SIEMENS,SIEMENS KI86VVSE0,5.0,1,1,20,1.0,0.0,"[0, 0, 0, 0, 1]"
6418986,16020.76,WHIRLPOOL,WHIRLPOOL WB70E 972 X,5.0,1,0,50,1.0,0.0,"[0, 0, 0, 0, 1]"
7759468,4571.39,HISENSE,HISENSE RR106D4CRF,5.0,2,2,50,1.0,0.0,"[0, 0, 0, 0, 2]"
5471405,4907.05,AMICA,AMICA VM 852.3 AW,4.7,3,3,100,1.0,0.0129,"[0, 0, 0, 1, 2]"
4590291,7362.76,AMICA,AMICA VT 862 AR,4.5,17,6,200,0.82,0.0,"[0, 2, 1, 1, 13]"
7752630,24266.72,HISENSE,HISENSE RS677N4AFC,5.0,4,2,10,1.0,0.0,"[0, 0, 0, 0, 4]"
7156079,13868.15,Bosch,BOSCH KIL42NSE0,,0,0,50,,0.0,"[0, 0, 0, 0, 0]"
6447168,19626.36,SIEMENS,SIEMENS KI86VVFE0,3.0,1,1,10,0.0,0.0,"[0, 0, 1, 0, 0]"
7962434,32950.04,AEG,AEG 8000 Cooling 360 TSC8M181CS,,0,0,0,,0.0,"[0, 0, 0, 0, 0]"
7137693,24809.34,LIEBHERR,LIEBHERR SRsfe 5220,,0,0,10,,0.0,"[0, 0, 0, 0, 0]"
7075548,24064.43,LIEBHERR,LIEBHERR CBNsfd 5723,,0,0,0,,0.0,"[0, 0, 0, 0, 0]"
5318916,10990.00,MORA,MORA VCN 1821,,0,0,50,,0.0,"[0, 0, 0, 0, 0]"
7763387,20559.59,ELECTROLUX,ELECTROLUX 800 Cooling 360 LNT7ME36X3,,0,0,0,,0.0,"[0, 0, 0, 0, 0]"
7624425,23411.66,Miele,MIELE KFN 4374 ED nerezový vzhled,,0,0,0,,0.0,"[0, 0, 0, 0, 0]"
6497719,30390.00,Vestfrost,VESTFROST VR-FW916-1E0I,1.0,1,0,0,0.0,0.0,"[1, 0, 0, 0, 0]"
6977880,44090.00,Bosch,BOSCH KAD93VBFP,,0,0,0,,0.0,"[0, 0, 0, 0, 0]"
5596965,17990.00,Concept,CONCEPT LK5470ss SINFONIA,,0,0,0,,0.0,"[0, 0, 0, 0, 0]"
7137692,20287.13,LIEBHERR,LIEBHERR Rsfe 5020,,0,0,10,,0.0,"[0, 0, 0, 0, 0]"
7075547,27209.69,LIEBHERR,LIEBHERR CBNsfc 522i,,0,0,10,,0.0,"[0, 0, 0, 0, 0]"
6804371,7039.00,Klarstein,KLARSTEIN Audrey Mini červená,,0,0,10,,0.0,"[0, 0, 0, 0, 0]"
6674554,71410.68,Miele,MIELE KFN 7785 D,,0,0,0,,0.0,"[0, 0, 0, 0, 0]"
6937668,83012.53,LIEBHERR,LIEBHERR IRBPdi 5170,,0,0,0,,0.0,"[0, 0, 0, 0, 0]"
7899034,9656.86,MORA,MORA VC 1820,,0,0,0,,0.0,"[0, 0, 0, 0, 0]"
7763389,15567.07,AEG,AEG 6000 TwinTech  RCB632E8MX,,0,0,0,,0.0,"[0, 0, 0, 0, 0]"
2923335,12874.00,Miele,MIELE K 12012 S-3,,0,0,0,,0.0,"[0, 0, 0, 0, 0]"
6875686,5104.99,WHIRLPOOL,WHIRLPOOL W55TM 4110 W 1,4.8,6,2,500,1.0,0.0016,"[0, 0, 0, 1, 5]"
8598253,8191.70,GORENJE,GORENJE NRK418ECW4,4.6,9,5,200,0.78,0.0,"[0, 0, 2, 0, 7]"
7159803,10897.26,GORENJE,GORENJE NRK6192AC4,4.4,21,10,100,0.86,0.0,"[3, 0, 0, 2, 16]"
8600477,29871.27,Bosch,BOSCH KGN39AIAT,5.0,1,0,10,1.0,0.0,"[0, 0, 0, 0, 1]"
7079082,39609.80,LIEBHERR,LIEBHERR SRsdd 5250,,0,0,0,,0.0,"[0, 0, 0, 0, 0]"
7624412,16706.76,Miele,MIELE KD 4072 E Active bílá,,0,0,0,,0.0,"[0, 0, 0, 0, 0]"
7137687,50676.51,LIEBHERR,LIEBHERR RBstd 528i,,0,0,0,,0.0,"[0, 0, 0, 0, 0]"
7709349,14005.75,SEVERIN,SEVERIN KGK 8943,,0,0,0,,0.0,"[0, 0, 0, 0, 0]"
7591214,12499.00,Siguro,SIGURO BF-O120S Ideal,4.9,14,6,100,1.0,0.0,"[0, 0, 0, 1, 13]"
7243708,13990.00,LG,LG GBB61SWGCN1,5.0,21,12,200,1.0,0.0,"[0, 0, 0, 0, 21]"
7360320,13990.00,LG,LG GBB61PZGCN1,5.0,19,9,200,1.0,0.0042,"[0, 0, 0, 0, 19]"
7625778,24990.00,LG,LG GBP62PZNAC,4.8,5,1,50,1.0,0.0,"[0, 0, 0, 1, 4]"
6318116,13990.00,LIEBHERR,LIEBHERR CUel 331,3.7,3,0,50,0.67,0.0092,"[1, 0, 0, 0, 2]"
5799522,16990.00,Bosch,BOSCH KGE39ALCA,4.6,20,10,200,0.9,0.0092,"[2, 0, 0, 1, 17]"
7811253,8360.53,MORA,MORA CMDN 3054 S,5.0,7,2,100,1.0,0.0,"[0, 0, 0, 0, 7]"
6796420,17590.00,SIEMENS,SIEMENS KG39N2ICF,5.0,3,3,50,1.0,0.0,"[0, 0, 0, 0, 3]"
7920616,3564.15,CANDY,CANDY CHASD4351EBC,4.5,2,1,20,1.0,0.0,"[0, 0, 0, 1, 1]"
6162159,10112.91,BEKO,BEKO BCSA285K4SN,4.5,9,2,200,0.89,0.0175,"[1, 0, 0, 1, 7]"
6246119,19133.52,HISENSE,HISENSE RS650N4AC2,4.7,16,10,200,0.94,0.0255,"[1, 0, 0, 1, 14]"
7811251,8381.73,MORA,MORA CMDN 3054 W,5.0,7,2,50,1.0,0.0109,"[0, 0, 0, 0, 7]"
6314811,5989.00,GODDESS,GODDESS RDC0116GW8F,4.3,3,0,100,1.0,0.0106,"[0, 0, 0, 2, 1]"
6223500,10931.44,WHIRLPOOL,WHIRLPOOL ARG 913 1,4.5,2,1,500,1.0,0.0033,"[0, 0, 0, 1, 1]"
6246125,17060.53,HISENSE,HISENSE RQ563N4SWF1,4.7,11,3,200,0.91,0.0109,"[1, 0, 0, 0, 10]"
6314813,5989.00,GODDESS,GODDESS RCD0150GW8AF,5.0,3,1,200,1.0,0.0048,"[0, 0, 0, 0, 3]"
6885594,3439.76,Siguro,SIGURO TT-D160W Thrifty,4.7,28,14,1000,0.86,0.0,"[0, 0, 4, 2, 22]"
6332500,14790.00,Bosch,BOSCH KSV33VLEP,5.0,2,1,100,1.0,0.0069,"[0, 0, 0, 0, 2]"
7802088,3729.11,CANDY,CANDY CHASD4385EW,5.0,3,1,50,1.0,0.0,"[0, 0, 0, 0, 3]"
6223505,14511.66,WHIRLPOOL,WHIRLPOOL  SW8 AM2C XR 2,5.0,1,0,100,1.0,0.0,"[0, 0, 0, 0, 1]"
6471145,4390.00,GODDESS,GODDESS RDE085GW8AF ,4.9,9,5,200,1.0,0.0023,"[0, 0, 0, 1, 8]"
7263495,9059.71,INDESIT,INDESIT SI6 1 W,5.0,1,0,20,1.0,0.0,"[0, 0, 0, 0, 1]"
6448533,24681.53,Samsung,SAMSUNG BRB30705EWW/EF,4.8,6,5,100,1.0,0.0092,"[0, 0, 0, 1, 5]"
6223501,11490.00,WHIRLPOOL,WHIRLPOOL ARG 86121,3.5,2,0,100,0.5,0.0,"[0, 1, 0, 0, 1]"
7774596,8686.93,GORENJE,GORENJE RK416DPS4,4.3,4,0,100,0.75,0.0035,"[0, 0, 1, 1, 2]"
7774594,13730.61,GORENJE,GORENJE NRK61CS2XL4,5.0,4,3,100,1.0,0.0,"[0, 0, 0, 0, 4]"
7792025,18433.87,HAIER,HAIER HCR3818ENPT,4.0,2,0,50,0.5,0.0,"[0, 0, 1, 0, 1]"
7058742,8264.07,CANDY,CANDY CBL3518F,3.0,2,1,50,0.5,0.0112,"[1, 0, 0, 0, 1]"
6319672,11074.56,LIEBHERR,LIEBHERR KP 290,5.0,2,1,100,1.0,0.0,"[0, 0, 0, 0, 2]"
6366405,51141.69,Samsung,SAMSUNG RF23R62E3SR/EO,5.0,4,1,50,1.0,0.0,"[0, 0, 0, 0, 4]"
5659677,4767.36,WHIRLPOOL,WHIRLPOOL W55RM 1110 W,4.3,4,3,500,0.75,0.003,"[0, 0, 1, 1, 2]"
6223481,10490.00,WHIRLPOOL,WHIRLPOOL W5 811E W 1,4.8,10,2,50,0.9,0.0017,"[0, 0, 1, 0, 9]"
6153384,9937.65,BEKO,BEKO RCNA406I40WN,4.5,6,2,100,0.83,0.0099,"[0, 0, 1, 1, 4]"
7663214,4790.00,GORENJE,GORENJE R492PW,4.4,3,1,50,0.67,0.0053,"[0, 0, 1, 0, 2]"
7663215,12171.95,GORENJE,GORENJE R619EEW5,4.8,4,2,20,1.0,0.0044,"[0, 0, 0, 1, 3]"
6572873,3779.36,Concept,CONCEPT LTR3047bc RETRO,4.2,7,2,200,0.71,0.0043,"[0, 1, 1, 1, 4]"
7263170,23499.59,WHIRLPOOL,WHIRLPOOL WHC18 T574 P,4.8,4,2,50,1.0,0.0156,"[0, 0, 0, 1, 3]"
6438315,5298.20,CANDY,CANDY CBO 150 NE/N,5.0,2,0,200,1.0,0.0091,"[0, 0, 0, 0, 2]"
7761151,27990.00,Samsung,SAMSUNG Bespoke RB38A7CGTS9/EF ,,0,0,50,,0.0,"[0, 0, 0, 0, 0]"
6554427,25048.37,HAIER,HAIER H3R-330WNA,5.0,1,1,50,1.0,0.0161,"[0, 0, 0, 0, 1]"
7811252,5743.16,MORA,MORA CMH 2474 W,4.9,7,3,200,1.0,0.0,"[0, 0, 0, 1, 6]"
4067306,8633.99,LIEBHERR,LIEBHERR Tsl 1414,5.0,2,0,100,1.0,0.0043,"[0, 0, 0, 0, 2]"
6928137,18242.66,GORENJE,GORENJE ONRK619DBK,5.0,2,2,20,1.0,0.0,"[0, 0, 0, 0, 2]"
6928142,18817.62,GORENJE,GORENJE ONRK619DR-L,5.0,2,1,50,1.0,0.0,"[0, 0, 0, 0, 2]"
7075553,17986.41,LIEBHERR,LIEBHERR CNd 5023,5.0,2,1,20,1.0,0.0,"[0, 0, 0, 0, 2]"
6398148,13043.39,GORENJE,GORENJE NRK6202AC4,4.9,9,4,50,1.0,0.0082,"[0, 0, 0, 1, 8]"
6994315,13872.15,Bosch,BOSCH KGN39VWEQ,5.0,1,0,20,1.0,0.0,"[0, 0, 0, 0, 1]"
7455797,22751.61,LIEBHERR,LIEBHERR MRFvc 5501,,0,0,10,,0.0,"[0, 0, 0, 0, 0]"
6469016,83588.57,LIEBHERR,LIEBHERR SWTNes 4285,,0,0,0,,0.0,"[0, 0, 0, 0, 0]"
8134048,27862.59,SIEMENS,SIEMENS KI81RADD0,,0,0,0,,0.0,"[0, 0, 0, 0, 0]"
7852714,20762.73,HISENSE,HISENSE RF540N4SBI2,4.7,3,1,20,1.0,0.0,"[0, 0, 0, 1, 2]"
7852720,14291.46,HISENSE,HISENSE RS711N4WFE,,0,0,20,,0.0,"[0, 0, 0, 0, 0]"
7075554,19150.25,LIEBHERR,LIEBHERR CNd 5223,5.0,1,0,0,1.0,0.0,"[0, 0, 0, 0, 1]"
6345115,70590.94,Miele,MIELE KFN 15842 D edt/cs,,0,0,0,,0.0,"[0, 0, 0, 0, 0]"
7742308,20757.42,HAIER,HAIER HTR5719ENPT,,0,0,10,,0.0,"[0, 0, 0, 0, 0]"
7742758,18281.27,BEKO,BEKO RCNE366E70ZXBRN,,0,0,10,,0.0,"[0, 0, 0, 0, 0]"
8008641,35227.48,SIEMENS,SIEMENS KB96NADD0,,0,0,0,,0.0,"[0, 0, 0, 0, 0]"
7624410,15890.00,Miele,MIELE KD 4052 E Active nerezový vzhled,,0,0,0,,0.0,"[0, 0, 0, 0, 0]"
7624423,36830.03,Miele,MIELE KFN 4795 DD nerez edt/cs  ,,0,0,0,,0.0,"[0, 0, 0, 0, 0]"
7624424,19152.28,Miele,MIELE KDN 4074 E Active nerezový vzhled,,0,0,0,,0.0,"[0, 0, 0, 0, 0]"
7853709,16769.37,LIEBHERR,LIEBHERR Rsfe 4620,,0,0,0,,0.0,"[0, 0, 0, 0, 0]"
7938411,5248.40,GUZZANTI,GUZZANTI GZ 70A,,0,0,10,,0.0,"[0, 0, 0, 0, 0]"
6311267,10089.44,ETA,ETA 139190001F,,0,0,200,,0.0175,"[0, 0, 0, 0, 0]"
6292403,14990.00,ELECTROLUX,ELECTROLUX LNT3LF14S,,0,0,50,,0.0096,"[0, 0, 0, 0, 0]"
6705409,47390.00,AEG,AEG RMB954F9VX,,0,0,10,,0.0,"[0, 0, 0, 0, 0]"
7736850,28210.59,LG,LG GBB92MCB2P,,0,0,10,,0.0,"[0, 0, 0, 0, 0]"
7359966,39041.24,HAIER,HAIER HCR5919EHMB,,0,0,0,,0.0,"[0, 0, 0, 0, 0]"
6278988,13409.62,HAIER,HAIER HTR3619ENPW,,0,0,20,,0.0233,"[0, 0, 0, 0, 0]"
7455798,19964.61,LIEBHERR,LIEBHERR MRFvc 4001 ,,0,0,10,,0.0,"[0, 0, 0, 0, 0]"
7752631,27626.57,HISENSE,HISENSE RQ758N4BFE,2.5,2,0,10,0.5,0.0,"[1, 0, 0, 1, 0]"
6436239,6828.34,BEKO,BEKO RDSA240K30XPN,2.0,2,1,50,0.0,0.0,"[1, 0, 1, 0, 0]"
6937667,66916.98,LIEBHERR,LIEBHERR ICBb 5152,,0,0,0,,0.0,"[0, 0, 0, 0, 0]"
7263496,10264.03,INDESIT,INDESIT SI6 1 S,,0,0,20,,0.0,"[0, 0, 0, 0, 0]"
7687664,24128.94,Samsung,SAMSUNG BRR29603EWW/EF,,0,0,0,,0.0,"[0, 0, 0, 0, 0]"
7455791,21499.27,LIEBHERR,LIEBHERR Rsfe 5220,,0,0,0,,0.0,"[0, 0, 0, 0, 0]"
6674544,41563.61,Miele,MIELE K 7443 D,,0,0,0,,0.0,"[0, 0, 0, 0, 0]"
7999732,32232.73,HISENSE,HISENSE RF793N4SAFE,,0,0,0,,0.0,"[0, 0, 0, 0, 0]"
7853708,22292.82,LIEBHERR,LIEBHERR Re 5220,,0,0,0,,0.0,"[0, 0, 0, 0, 0]"
7920614,3479.50,CANDY,CANDY CHASD4351EWC,,0,0,10,,0.0,"[0, 0, 0, 0, 0]"
6434106,12198.68,Sharp,SHARP SJ BA31DHXIE,,0,0,0,,0.0,"[0, 0, 0, 0, 0]"
7999731,22106.06,HISENSE,HISENSE RF540N4WIE,,0,0,0,,0.0,"[0, 0, 0, 0, 0]"
6674545,35337.25,Miele,MIELE K 7733 E,,0,0,0,,0.0,"[0, 0, 0, 0, 0]"
7920619,25854.94,HAIER,HAIER HSW59F18EIPT,,0,0,0,,0.0,"[0, 0, 0, 0, 0]"
6276257,19990.00,HISENSE,HISENSE RS650N4AF2,4.8,21,8,500,0.9,0.0101,"[0, 0, 2, 1, 18]"
7752625,10990.00,HISENSE,HISENSE RB390N4BFC,4.5,2,1,20,1.0,0.0,"[0, 0, 0, 1, 1]"
6223503,10396.31,WHIRLPOOL,WHIRLPOOL ARG 7181,4.8,4,2,100,1.0,0.0094,"[0, 0, 0, 1, 3]"
7792026,19990.00,HAIER,HAIER HCR3818ENMM,5.0,1,0,20,1.0,0.0196,"[0, 0, 0, 0, 1]"
6937665,19990.00,LIEBHERR,LIEBHERR ICSe 5103,5.0,2,1,50,1.0,0.0,"[0, 0, 0, 0, 2]"
6524103,18284.04,GORENJE,GORENJE NRK6202CLI,5.0,4,2,100,1.0,0.0076,"[0, 0, 0, 0, 4]"
7966360,5148.97,GORENJE,GORENJE RF212EPW4,4.7,3,1,100,1.0,0.0,"[0, 0, 0, 1, 2]"
6928141,18275.68,GORENJE,GORENJE ONRK619DR,5.0,1,1,50,1.0,0.0,"[0, 0, 0, 0, 1]"
6320626,24790.00,LG,LG GBB92STABP,4.5,6,3,100,0.83,0.0,"[0, 0, 1, 1, 4]"
7811725,13394.30,ETA,ETA 335590000CN,5.0,1,0,0,1.0,0.0,"[0, 0, 0, 0, 1]"
6223485,5249.00,WHIRLPOOL,WHIRLPOOL W55VM 1110 W 1,4.7,9,2,100,1.0,0.0023,"[0, 0, 0, 3, 6]"
8014935,12142.23,HISENSE,HISENSE RB440N4AFD,4.0,1,0,0,1.0,0.0,"[0, 0, 0, 1, 0]"
6410996,37329.43,WHIRLPOOL,WHIRLPOOL WQ9 U1L,5.0,2,1,20,1.0,0.0,"[0, 0, 0, 0, 2]"
6158966,33113.76,BEKO,BEKO GN1426234ZDXN,5.0,2,0,50,1.0,0.0308,"[0, 0, 0, 0, 2]"
6928138,18690.00,GORENJE,GORENJE ONRK619DBK-L,5.0,3,2,50,1.0,0.0,"[0, 0, 0, 0, 3]"
7747094,14777.90,GORENJE,GORENJE NRKI419EP1,4.0,1,1,20,1.0,0.0,"[0, 0, 0, 1, 0]"
6418981,20384.47,WHIRLPOOL,WHIRLPOOL WHC20 T593,4.3,4,3,200,0.75,0.0156,"[0, 1, 0, 0, 3]"
6223478,10226.75,WHIRLPOOL,WHIRLPOOL W5 911E W 1,4.2,5,1,100,0.8,0.0059,"[0, 1, 0, 1, 3]"
6928145,6462.33,GORENJE,GORENJE RF4142PW4,4.9,10,7,200,1.0,0.0021,"[0, 0, 0, 1, 9]"
6150813,10990.00,GORENJE,GORENJE N619EAW4,4.7,41,15,500,0.95,0.0041,"[0, 0, 2, 9, 30]"
6977878,62585.77,Bosch,BOSCH KFF96PIEP,4.0,1,1,10,1.0,0.0,"[0, 0, 0, 1, 0]"
6436241,10788.21,BEKO,BEKO BCHA275K4SN,5.0,3,1,50,1.0,0.0217,"[0, 0, 0, 0, 3]"
6469017,7084.47,LIEBHERR,LIEBHERR T 1404,5.0,2,0,100,1.0,0.0,"[0, 0, 0, 0, 2]"
7075566,24890.20,LIEBHERR,LIEBHERR CNsdc 5723,4.0,3,0,20,0.67,0.0,"[0, 1, 0, 0, 2]"
7134799,18739.14,LIEBHERR,LIEBHERR CNsfd 5023,5.0,1,1,0,1.0,0.0,"[0, 0, 0, 0, 1]"
7075545,48862.81,LIEBHERR,LIEBHERR CBNsda 5753,,0,0,0,,0.0,"[0, 0, 0, 0, 0]"
6778834,16970.86,Samsung,SAMSUNG Bespoke RB34A7B5DAP/EF (bez panelů - konfigurovatelné),5.0,1,0,0,1.0,0.0,"[0, 0, 0, 0, 1]"
7774591,18990.00,GORENJE,GORENJE NRR9185EAXL,4.2,6,2,50,0.83,0.01,"[1, 0, 0, 1, 4]"
5761027,54287.50,Samsung,SAMSUNG RF24R7201SR/EF,5.0,1,1,10,1.0,0.0,"[0, 0, 0, 0, 1]"
7718160,14652.43,SNAIGE,SNAIGE CD39DM-T302BEX,,0,0,20,,0.0,"[0, 0, 0, 0, 0]"
7962432,35670.10,AEG,AEG 8000 Cooling 360 TSC8M191CS,,0,0,0,,0.0,"[0, 0, 0, 0, 0]"
7746849,8600.69,LORD,LORD R5,5.0,1,1,0,1.0,0.0,"[0, 0, 0, 0, 1]"
7962433,32037.58,ELECTROLUX,ELECTROLUX 800 Cooling 360° ENC8MC18S,,0,0,0,,0.0,"[0, 0, 0, 0, 0]"
7763374,18054.92,AEG,AEG 5000 ColdSense OSC5D181ES,,0,0,0,,0.0,"[0, 0, 0, 0, 0]"
7075552,20990.00,LIEBHERR,LIEBHERR CNbdd 5733,,0,0,20,,0.0,"[0, 0, 0, 0, 0]"
7763381,14637.65,ELECTROLUX,ELECTROLUX 500 ColdSense LNS5LE18S,,0,0,20,,0.0,"[0, 0, 0, 0, 0]"
6937661,40308.37,LIEBHERR,LIEBHERR ICBdi 5122,,0,0,10,,0.0,"[0, 0, 0, 0, 0]"
6162161,14683.16,BEKO,BEKO BCNA306E4SN,,0,0,100,,0.0105,"[0, 0, 0, 0, 0]"
6937642,34768.43,LIEBHERR,LIEBHERR IRBd 4120,,0,0,0,,0.0,"[0, 0, 0, 0, 0]"
7625784,28659.43,Miele,MIELE KD 7724 E Active,,0,0,0,,0.0,"[0, 0, 0, 0, 0]"
7977679,17799.81,BEKO,BEKO GNO5323XPN,5.0,1,1,0,1.0,0.0,"[0, 0, 0, 0, 1]"
6162160,6999.00,BEKO,BEKO BU1103N,,0,0,100,,0.0051,"[0, 0, 0, 0, 0]"
6937643,35550.05,LIEBHERR,LIEBHERR IRBd 4520,,0,0,0,,0.0,"[0, 0, 0, 0, 0]"
7137691,18716.32,LIEBHERR,LIEBHERR Re 5020,,0,0,10,,0.0,"[0, 0, 0, 0, 0]"
6796424,6220.31,ETA,ETA 253990000E,3.4,5,3,200,0.6,0.0156,"[2, 0, 0, 0, 3]"
5318914,9648.20,MORA,MORA VC 1811,,0,0,50,,0.0051,"[0, 0, 0, 0, 0]"
6778833,18977.57,Samsung,SAMSUNG Bespoke RB38A7B6CAP/EF (bez panelů - konfigurovatelné),3.0,1,1,0,0.0,0.0,"[0, 0, 1, 0, 0]"
6937734,9471.06,TEKA,TEKA RSR 41150 FI EU,,0,0,20,,0.0,"[0, 0, 0, 0, 0]"
5775839,67194.63,HAIER,HAIER HB26FSNAAA,,0,0,10,,0.0,"[0, 0, 0, 0, 0]"
6218450,17977.56,BEKO,BEKO RCNE560E40ZXBN,,0,0,20,,0.0,"[0, 0, 0, 0, 0]"
6318117,9037.96,LIEBHERR,LIEBHERR T 1504,,0,0,0,,0.0,"[0, 0, 0, 0, 0]"
4067303,13492.46,LIEBHERR,LIEBHERR TP 1724,,0,0,20,,0.0,"[0, 0, 0, 0, 0]"
6153385,24103.14,BEKO,BEKO RCNE560E60ZGBHN,,0,0,20,,0.0,"[0, 0, 0, 0, 0]"
7134801,39164.32,LIEBHERR,LIEBHERR CBNsdb 5753,,0,0,10,,0.0,"[0, 0, 0, 0, 0]"
7075544,34990.00,LIEBHERR,LIEBHERR CBNsda 5723,,0,0,0,,0.0,"[0, 0, 0, 0, 0]"
5632687,74078.61,LIEBHERR,LIEBHERR ZKes 453,,0,0,0,,0.0,"[0, 0, 0, 0, 0]"
7176163,39536.59,Samsung,SAMSUNG RH68B8541B1/EF,,0,0,10,,0.0,"[0, 0, 0, 0, 0]"
7547182,14948.91,BEKO,BEKO Beyond B3RMLNE444HXB,,0,0,10,,0.0,"[0, 0, 0, 0, 0]"
7811729,13251.02,ETA,ETA 139790000EN,,0,0,10,,0.0,"[0, 0, 0, 0, 0]"
5632688,147897.48,LIEBHERR,LIEBHERR ECBN 6256,,0,0,0,,0.0,"[0, 0, 0, 0, 0]"
7137690,24792.32,LIEBHERR,LIEBHERR RBsfe 5220,,0,0,10,,0.0,"[0, 0, 0, 0, 0]"
6937659,35025.97,LIEBHERR,LIEBHERR IRd 4150,,0,0,0,,0.0,"[0, 0, 0, 0, 0]"
7075562,29926.80,LIEBHERR,LIEBHERR CNsdd 5253,,0,0,0,,0.0,"[0, 0, 0, 0, 0]"
5327682,18136.02,WHIRLPOOL,WHIRLPOOL ADN203 C,,0,0,10,,0.0,"[0, 0, 0, 0, 0]"
6674550,34403.53,Miele,MIELE KFN 7733 F,,0,0,0,,0.0,"[0, 0, 0, 0, 0]"
7455789,14259.11,LIEBHERR,LIEBHERR Rf 4200,,0,0,0,,0.0,"[0, 0, 0, 0, 0]"
7134803,21836.75,LIEBHERR,LIEBHERR CNsfd 5723,,0,0,10,,0.0,"[0, 0, 0, 0, 0]"
6937624,20990.00,LIEBHERR,LIEBHERR IRe 3921,,0,0,0,,0.0,"[0, 0, 0, 0, 0]"
7853707,15823.06,LIEBHERR,LIEBHERR KGNd 52Z03,,0,0,0,,0.0,"[0, 0, 0, 0, 0]"
7746850,10572.62,LORD,LORD L2,,0,0,0,,0.0,"[0, 0, 0, 0, 0]"
6937632,17827.93,LIEBHERR,LIEBHERR IRf 3901,,0,0,0,,0.0,"[0, 0, 0, 0, 0]"
7746853,6642.68,LORD,LORD R3,,0,0,0,,0.0,"[0, 0, 0, 0, 0]"
6468979,70237.43,LIEBHERR,LIEBHERR CBNbe 5778,,0,0,0,,0.0,"[0, 0, 0, 0, 0]"
7624421,35210.31,Miele,MIELE KFN 4797 DD bílá,,0,0,0,,0.0,"[0, 0, 0, 0, 0]"
7747097,6669.83,LORD,LORD R2,,0,0,0,,0.0,"[0, 0, 0, 0, 0]"
7962439,19344.80,ELECTROLUX,ELECTROLUX 600 Twintech ENT6NE18S,,0,0,0,,0.0,"[0, 0, 0, 0, 0]"
5274495,24652.55,LIEBHERR,LIEBHERR SGNesf 3063,,0,0,0,,0.0,"[0, 0, 0, 0, 0]"
7134806,23111.15,LIEBHERR,LIEBHERR CNsfd 5734,,0,0,0,,0.0,"[0, 0, 0, 0, 0]"
5260526,19515.46,WHIRLPOOL,WHIRLPOOL ADN 202/2,,0,0,0,,0.0,"[0, 0, 0, 0, 0]"
260596,3651.27,LIEBHERR,Spořící přepážka k LIEBHERR GN 3023,,0,0,0,,0.0,"[0, 0, 0, 0, 0]"
8424545,8183.06,BEKO,BEKO RCSA240K40SN,,0,0,0,,0.0,"[0, 0, 0, 0, 0]"
8558760,17495.51,GORENJE,GORENJE RI518EA1,,0,0,0,,0.0,"[0, 0, 0, 0, 0]"
8424439,5087.87,BEKO,BEKO TS190340N,,0,0,0,,0.0,"[0, 0, 0, 0, 0]"
7631353,8245.23,CANDY,CANDY CRU 164 NE/N,,0,0,0,,0.0,"[0, 0, 0, 0, 0]"
7966772,14801.47,GORENJE,GORENJE NRC6194SXL4,,0,0,0,,0.0,"[0, 0, 0, 0, 0]"
8052174,22660.90,Samsung,SAMSUNG RR39C7BJ5S9/EF,,0,0,0,,0.0,"[0, 0, 0, 0, 0]"
8014937,27278.45,HISENSE,HISENSE RQ758N4SBSE,,0,0,0,,0.0,"[0, 0, 0, 0, 0]"
8008643,24165.89,SIEMENS,SIEMENS KI96NNSE0,,0,0,0,,0.0,"[0, 0, 0, 0, 0]"
6928133,27624.01,FRANKE,FRANKE FCT 480 NF XS E,,0,0,0,,0.0,"[0, 0, 0, 0, 0]"
6937666,70644.19,LIEBHERR,LIEBHERR ICNdi 5173,,0,0,0,,0.0,"[0, 0, 0, 0, 0]"
7631351,14713.49,CANDY,CANDY CBT5518EW,,0,0,0,,0.0,"[0, 0, 0, 0, 0]"
6937634,18524.79,LIEBHERR,LIEBHERR IRSf 3901,,0,0,0,,0.0,"[0, 0, 0, 0, 0]"
6937633,18524.79,LIEBHERR,LIEBHERR IRSf 3900,,0,0,0,,0.0,"[0, 0, 0, 0, 0]"
7631352,21370.33,CANDY,CANDY CBT7719FW 70 cm,,0,0,0,,0.0,"[0, 0, 0, 0, 0]"
6862156,18946.24,LORD,LORD C4,,0,0,0,,0.0,"[0, 0, 0, 0, 0]"
7624416,27657.28,Miele,MIELE KFN 4395 CD nerezový vzhled,,0,0,0,,0.0,"[0, 0, 0, 0, 0]"
6937627,28085.04,LIEBHERR,LIEBHERR IRd 3951,,0,0,0,,0.0,"[0, 0, 0, 0, 0]"
7631350,34147.55,WHIRLPOOL,Whirlpool WHC20 T593 P,,0,0,0,,0.0,"[0, 0, 0, 0, 0]"
6547291,2060.70,Ukonic,Xbox Mini Fridge,4.0,40,15,2000,0.7,0.0171,"[5, 5, 2, 5, 23]"
6418970,4499.00,Concept,CONCEPT LFT2047wh,4.8,9,4,100,1.0,0.0,"[0, 0, 0, 2, 7]"
5832966,11958.59,SEVERIN,SEVERIN RKG 8933,4.4,3,1,20,0.67,0.0,"[0, 0, 1, 0, 2]"
6127075,53971.35,Smeg,SMEG FAB32RBL3,5.0,1,0,0,1.0,0.0,"[0, 0, 0, 0, 1]"
5525161,14990.00,Concept,CONCEPT LA7383ss,4.5,4,1,100,1.0,0.0342,"[0, 0, 0, 2, 2]"
4279493,17333.17,LG,LG GBB60SWGFS,5.0,1,1,100,1.0,0.0,"[0, 0, 0, 0, 1]"
3859641,16165.59,Concept,CONCEPT LKR7360bc,5.0,1,0,0,1.0,0.0,"[0, 0, 0, 0, 1]"
3859654,13490.00,Concept,CONCEPT LKR7360wh,5.0,1,0,20,1.0,0.0,"[0, 0, 0, 0, 1]"
7056212,19252.55,PHILCO,PHILCO PX 396 E,,0,0,20,,0.0,"[0, 0, 0, 0, 0]"
5459630,57359.78,Sharp,SHARP SJ PX830FSL,,0,0,0,,0.0,"[0, 0, 0, 0, 0]"
5859760,21164.30,SEVERIN,SEVERIN FRD 8994,,0,0,0,,0.0,"[0, 0, 0, 0, 0]"
6127104,22959.97,Smeg,SMEG FAB10LRD5,,0,0,0,,0.0,"[0, 0, 0, 0, 0]"
5262943,28459.71,Concept,CONCEPT LA8983ss,,0,0,0,,0.0,"[0, 0, 0, 0, 0]"
5141023,25651.47,Concept,CONCEPT LA8883ss,,0,0,0,,0.0,"[0, 0, 0, 0, 0]"
5697368,11539.68,WHIRLPOOL,WHIRLPOOL W7 921O OX H,,0,0,20,,0.0536,"[0, 0, 0, 0, 0]"
5596963,15070.07,Concept,CONCEPT LK5660ss,,0,0,50,,0.0,"[0, 0, 0, 0, 0]"
2220474,16854.05,Concept,CONCEPT LA8080 WH,4.2,5,3,0,0.8,0.0,"[0, 0, 1, 2, 2]"
1569235,16384.25,Concept,CONCEPT LA8080,4.2,5,3,0,0.8,0.0,"[0, 0, 1, 2, 2]"
5515208,18252.62,Concept,CONCEPT LA8385ss,4.2,6,1,50,0.83,0.011,"[0, 1, 0, 2, 3]"
2925349,20989.12,Concept,CONCEPT LA8580wh,3.0,1,1,0,0.0,0.0,"[0, 0, 1, 0, 0]"
2892505,16384.15,Concept,CONCEPT LA8080ss,4.2,5,3,0,0.8,0.0,"[0, 0, 1, 2, 2]"
2925346,20989.12,Concept,CONCEPT LA8580bc,3.0,1,1,0,0.0,0.0,"[0, 0, 1, 0, 0]"
6127078,53971.35,Smeg,SMEG FAB32LRD3,5.0,1,0,0,1.0,0.0,"[0, 0, 0, 0, 1]"
3859645,16170.05,Concept,CONCEPT LKR7360cr,5.0,1,0,20,1.0,0.0,"[0, 0, 0, 0, 1]"
5321428,14990.00,Concept,CONCEPT LKR7360cl,,0,0,20,,0.0357,"[0, 0, 0, 0, 0]"
2892506,10666.74,Concept,CONCEPT LKV4360,,0,0,0,,0.0,"[0, 0, 0, 0, 0]"
5263566,14553.18,Concept,CONCEPT LKV5360,,0,0,0,,0.0,"[0, 0, 0, 0, 0]"
6922599,27514.54,SEVERIN,SEVERIN CDR 8996,,0,0,0,,0.0,"[0, 0, 0, 0, 0]"
